#
# There is insufficient memory for the Java Runtime Environment to continue.
# Native memory allocation (mmap) failed to map 65536 bytes. Error detail: Failed to commit metaspace.
# Possible reasons:
#   The system is out of physical RAM or swap space
#   This process is running with CompressedOops enabled, and the Java Heap may be blocking the growth of the native heap
# Possible solutions:
#   Reduce memory load on the system
#   Increase physical memory or swap space
#   Check if swap backing store is full
#   Decrease Java heap size (-Xmx/-Xms)
#   Decrease number of Java threads
#   Decrease Java thread stack sizes (-Xss)
#   Set larger code cache with -XX:ReservedCodeCacheSize=
#   JVM is running with Unscaled Compressed Oops mode in which the Java heap is
#     placed in the first 4GB address space. The Java Heap base address is the
#     maximum limit for the native heap growth. Please use -XX:HeapBaseMinAddress
#     to set the Java Heap base and to place the Java Heap above 4GB virtual address.
# This output file may be truncated or incomplete.
#
#  Out of Memory Error (virtualSpaceNode.cpp:113), pid=20416, tid=23344
#
# JRE version: OpenJDK Runtime Environment Temurin-21.0.12.1+1 (21.0.12.1+1) (build 21.0.12.1+1-LTS)
# Java VM: OpenJDK 64-Bit Server VM Temurin-21.0.12.1+1 (21.0.12.1+1-LTS, mixed mode, sharing, tiered, compressed oops, compressed class ptrs, g1 gc, windows-amd64)
# No core dump will be written. Minidumps are not enabled by default on client versions of Windows
#

---------------  S U M M A R Y ------------

Command Line: --add-opens=java.base/java.lang=ALL-UNNAMED --add-opens=java.base/java.lang.invoke=ALL-UNNAMED --add-opens=java.base/java.util=ALL-UNNAMED --add-opens=java.prefs/java.util.prefs=ALL-UNNAMED --add-exports=jdk.compiler/com.sun.tools.javac.api=ALL-UNNAMED --add-exports=jdk.compiler/com.sun.tools.javac.util=ALL-UNNAMED --add-opens=java.base/java.util=ALL-UNNAMED --add-opens=java.prefs/java.util.prefs=ALL-UNNAMED --add-opens=java.base/java.nio.charset=ALL-UNNAMED --add-opens=java.base/java.net=ALL-UNNAMED --add-opens=java.base/java.util.concurrent.atomic=ALL-UNNAMED --add-opens=java.xml/javax.xml.namespace=ALL-UNNAMED -XX:MaxMetaspaceSize=512m -Xmx2048m -Dfile.encoding=UTF-8 -Duser.country=IN -Duser.language=en -Duser.variant -javaagent:C:\Users\HP\.gradle\wrapper\dists\gradle-8.14.1-bin\baw1sv0jfoi8rxs14qo3h49cs\gradle-8.14.1\lib\agents\gradle-instrumentation-agent-8.14.1.jar org.gradle.launcher.daemon.bootstrap.GradleDaemon 8.14.1

Host: 12th Gen Intel(R) Core(TM) i5-1235U, 12 cores, 7G,  Windows 11 , 64 bit Build 26100 (10.0.26100.9278)
Time: Wed Sep  9 14:45:40 2026 India Standard Time elapsed time: 86.394309 seconds (0d 0h 1m 26s)

---------------  T H R E A D  ---------------

Current thread (0x0000029970c32cd0):  JavaThread "Daemon worker"        [_thread_in_vm, id=23344, stack(0x000000d0db700000,0x000000d0db800000) (1024K)]

Stack: [0x000000d0db700000,0x000000d0db800000]
Native frames: (J=compiled Java code, j=interpreted, Vv=VM code, C=native code)
V  [jvm.dll+0x6d83e9]
V  [jvm.dll+0x8b5736]
V  [jvm.dll+0x8b7cee]
V  [jvm.dll+0x8b83d3]
V  [jvm.dll+0x284596]
V  [jvm.dll+0x8b147e]
V  [jvm.dll+0x679ad4]
V  [jvm.dll+0x1e849b]
V  [jvm.dll+0x1e825e]
V  [jvm.dll+0x67c3d2]
V  [jvm.dll+0x67c202]
V  [jvm.dll+0x67a4ae]
V  [jvm.dll+0x68b5ad]
V  [jvm.dll+0x68492e]
V  [jvm.dll+0x3ddbe1]
C  0x000002995e79bc1b

The last pc belongs to method entry point (kind = zerolocals) (printed below).
Java frames: (J=compiled Java code, j=interpreted, Vv=VM code)
j  org.jetbrains.kotlin.gradle.internal.KotlinTestDependencyManagementKt.access$maybeAddTestDependencyCapability(Lorg/gradle/api/artifacts/Configuration;Lorg/jetbrains/kotlin/gradle/plugin/KotlinCompilation;Lorg/gradle/api/provider/Provider;Lorg/gradle/api/artifacts/dsl/DependencyHandler;Lorg/gradle/api/tasks/TaskContainer;)V+0
j  org.jetbrains.kotlin.gradle.internal.KotlinTestDependencyManagementKt$configureKotlinTestDependency$2.execute(Lorg/jetbrains/kotlin/gradle/plugin/KotlinCompilation;)V+200
j  org.jetbrains.kotlin.gradle.internal.KotlinTestDependencyManagementKt$configureKotlinTestDependency$2.execute(Ljava/lang/Object;)V+5
j  org.gradle.internal.code.DefaultUserCodeApplicationContext$CurrentApplication$1.execute(Ljava/lang/Object;)V+39
j  org.gradle.api.internal.DefaultCollectionCallbackActionDecorator$BuildOperationEmittingAction$1.run(Lorg/gradle/internal/operations/BuildOperationContext;)V+11
j  org.gradle.internal.operations.DefaultBuildOperationRunner$1.execute(Lorg/gradle/internal/operations/RunnableBuildOperation;Lorg/gradle/internal/operations/BuildOperationContext;)V+2
j  org.gradle.internal.operations.DefaultBuildOperationRunner$1.execute(Lorg/gradle/internal/operations/BuildOperation;Lorg/gradle/internal/operations/BuildOperationContext;)V+6
J 6914 c1 org.gradle.internal.operations.DefaultBuildOperationRunner$2.execute(Lorg/gradle/internal/operations/BuildOperationDescriptor;Lorg/gradle/internal/operations/BuildOperationState;Lorg/gradle/internal/operations/BuildOperationState;Lorg/gradle/internal/operations/DefaultBuildOperationRunner$ReadableBuildOperationContext;Lorg/gradle/internal/operations/DefaultBuildOperationRunner$BuildOperationExecutionListener;)Lorg/gradle/internal/operations/BuildOperation; (110 bytes) @ 0x0000029957de9e44 [0x0000029957de9c40+0x0000000000000204]
J 7123 c1 org.gradle.internal.operations.DefaultBuildOperationRunner$2.execute(Lorg/gradle/internal/operations/BuildOperationDescriptor;Lorg/gradle/internal/operations/BuildOperationState;Lorg/gradle/internal/operations/BuildOperationState;Lorg/gradle/internal/operations/DefaultBuildOperationRunner$ReadableBuildOperationContext;Lorg/gradle/internal/operations/DefaultBuildOperationRunner$BuildOperationExecutionListener;)Ljava/lang/Object; (12 bytes) @ 0x0000029957e4bebc [0x0000029957e4be40+0x000000000000007c]
J 6910 c1 org.gradle.internal.operations.DefaultBuildOperationRunner.execute(Lorg/gradle/internal/operations/BuildOperationDescriptor$Builder;Lorg/gradle/internal/operations/BuildOperationState;Lorg/gradle/internal/operations/DefaultBuildOperationRunner$BuildOperationExecution;)Ljava/lang/Object; (147 bytes) @ 0x0000029957de7fd4 [0x0000029957de7480+0x0000000000000b54]
J 7121 c1 org.gradle.internal.operations.DefaultBuildOperationRunner.execute(Lorg/gradle/internal/operations/BuildOperation;Lorg/gradle/internal/operations/BuildOperationWorker;Lorg/gradle/internal/operations/BuildOperationState;)V (23 bytes) @ 0x0000029957e4c514 [0x0000029957e4c260+0x00000000000002b4]
j  org.gradle.internal.operations.DefaultBuildOperationRunner.run(Lorg/gradle/internal/operations/RunnableBuildOperation;)V+9
j  org.gradle.api.internal.DefaultCollectionCallbackActionDecorator$BuildOperationEmittingAction.execute(Ljava/lang/Object;)V+20
j  org.gradle.api.internal.DefaultMutationGuard$1.execute(Ljava/lang/Object;)V+39
j  org.gradle.api.internal.DefaultMutationGuard$1.execute(Ljava/lang/Object;)V+39
j  org.gradle.api.internal.DefaultDomainObjectCollection.configureEach(Lorg/gradle/api/Action;)V+118
j  org.jetbrains.kotlin.gradle.internal.KotlinTestDependencyManagementKt.configureKotlinTestDependency(Lorg/jetbrains/kotlin/gradle/plugin/KotlinTarget;Lorg/gradle/api/artifacts/ConfigurationContainer;Lorg/gradle/api/provider/Provider;Lorg/gradle/api/artifacts/dsl/DependencyHandler;Lorg/gradle/api/tasks/TaskContainer;)V+21
j  org.jetbrains.kotlin.gradle.internal.KotlinTestDependencyManagementKt.access$configureKotlinTestDependency(Lorg/jetbrains/kotlin/gradle/plugin/KotlinTarget;Lorg/gradle/api/artifacts/ConfigurationContainer;Lorg/gradle/api/provider/Provider;Lorg/gradle/api/artifacts/dsl/DependencyHandler;Lorg/gradle/api/tasks/TaskContainer;)V+6
j  org.jetbrains.kotlin.gradle.internal.KotlinTestDependencyManagementKt$configureKotlinTestDependency$1.invoke(Lorg/jetbrains/kotlin/gradle/plugin/KotlinTarget;)V+56
j  org.jetbrains.kotlin.gradle.internal.KotlinTestDependencyManagementKt$configureKotlinTestDependency$1.invoke(Ljava/lang/Object;)Ljava/lang/Object;+5
j  org.jetbrains.kotlin.gradle.utils.KotlinExtensionUtilsKt$forAllTargets$1.invokeSuspend(Ljava/lang/Object;)Ljava/lang/Object;+92
j  kotlin.coroutines.jvm.internal.BaseContinuationImpl.resumeWith(Ljava/lang/Object;)V+44
j  kotlin.coroutines.SafeContinuation.resumeWith(Ljava/lang/Object;)V+57
j  org.jetbrains.kotlin.gradle.plugin.KotlinPluginLifecycleImpl.launch(Lorg/jetbrains/kotlin/gradle/plugin/KotlinPluginLifecycle$CoroutineStart;Lkotlin/jvm/functions/Function2;)V+99
j  org.jetbrains.kotlin.gradle.plugin.KotlinPluginLifecycleKt.launch(Lorg/gradle/api/Project;Lorg/jetbrains/kotlin/gradle/plugin/KotlinPluginLifecycle$CoroutineStart;Lkotlin/jvm/functions/Function2;)V+24
j  org.jetbrains.kotlin.gradle.utils.KotlinExtensionUtilsKt.forAllTargets(Lorg/jetbrains/kotlin/gradle/dsl/KotlinProjectExtension;Lkotlin/jvm/functions/Function1;)V+41
j  org.jetbrains.kotlin.gradle.internal.KotlinTestDependencyManagementKt.configureKotlinTestDependency(Lorg/gradle/api/Project;Lorg/jetbrains/kotlin/gradle/dsl/KotlinProjectExtension;Lorg/gradle/api/provider/Provider;)V+31
j  org.jetbrains.kotlin.gradle.internal.KotlinDependenciesManagementKt$CustomizeKotlinDependenciesSetupAction$1.invoke(Lorg/gradle/api/Project;)V+180
j  org.jetbrains.kotlin.gradle.plugin.KotlinProjectSetupActionKt.runKotlinProjectSetupActions(Lorg/gradle/api/Project;)V+68
j  org.jetbrains.kotlin.gradle.plugin.KotlinBasePluginWrapper.apply(Lorg/gradle/api/Project;)V+184
j  org.jetbrains.kotlin.gradle.plugin.KotlinPluginWrapper.apply(Lorg/gradle/api/Project;)V+12
j  org.jetbrains.kotlin.gradle.plugin.KotlinPluginWrapper.apply(Ljava/lang/Object;)V+5
j  org.gradle.api.internal.plugins.ImperativeOnlyPluginTarget.applyImperative(Ljava/lang/String;Lorg/gradle/api/Plugin;)V+13
j  org.gradle.api.internal.plugins.RuleBasedPluginTarget.applyImperative(Ljava/lang/String;Lorg/gradle/api/Plugin;)V+6
j  org.gradle.api.internal.plugins.DefaultPluginManager.addPlugin(Ljava/lang/Runnable;Lorg/gradle/api/internal/plugins/PluginImplementation;Ljava/lang/String;Ljava/lang/Class;)V+54
j  org.gradle.api.internal.plugins.DefaultPluginManager.access$100(Lorg/gradle/api/internal/plugins/DefaultPluginManager;Ljava/lang/Runnable;Lorg/gradle/api/internal/plugins/PluginImplementation;Ljava/lang/String;Ljava/lang/Class;)V+6
j  org.gradle.api.internal.plugins.DefaultPluginManager$AddPluginBuildOperation.run(Lorg/gradle/internal/operations/BuildOperationContext;)V+20
j  org.gradle.internal.operations.DefaultBuildOperationRunner$1.execute(Lorg/gradle/internal/operations/RunnableBuildOperation;Lorg/gradle/internal/operations/BuildOperationContext;)V+2
j  org.gradle.internal.operations.DefaultBuildOperationRunner$1.execute(Lorg/gradle/internal/operations/BuildOperation;Lorg/gradle/internal/operations/BuildOperationContext;)V+6
J 6914 c1 org.gradle.internal.operations.DefaultBuildOperationRunner$2.execute(Lorg/gradle/internal/operations/BuildOperationDescriptor;Lorg/gradle/internal/operations/BuildOperationState;Lorg/gradle/internal/operations/BuildOperationState;Lorg/gradle/internal/operations/DefaultBuildOperationRunner$ReadableBuildOperationContext;Lorg/gradle/internal/operations/DefaultBuildOperationRunner$BuildOperationExecutionListener;)Lorg/gradle/internal/operations/BuildOperation; (110 bytes) @ 0x0000029957de9e44 [0x0000029957de9c40+0x0000000000000204]
J 7123 c1 org.gradle.internal.operations.DefaultBuildOperationRunner$2.execute(Lorg/gradle/internal/operations/BuildOperationDescriptor;Lorg/gradle/internal/operations/BuildOperationState;Lorg/gradle/internal/operations/BuildOperationState;Lorg/gradle/internal/operations/DefaultBuildOperationRunner$ReadableBuildOperationContext;Lorg/gradle/internal/operations/DefaultBuildOperationRunner$BuildOperationExecutionListener;)Ljava/lang/Object; (12 bytes) @ 0x0000029957e4bebc [0x0000029957e4be40+0x000000000000007c]
J 6910 c1 org.gradle.internal.operations.DefaultBuildOperationRunner.execute(Lorg/gradle/internal/operations/BuildOperationDescriptor$Builder;Lorg/gradle/internal/operations/BuildOperationState;Lorg/gradle/internal/operations/DefaultBuildOperationRunner$BuildOperationExecution;)Ljava/lang/Object; (147 bytes) @ 0x0000029957de7fd4 [0x0000029957de7480+0x0000000000000b54]
J 7121 c1 org.gradle.internal.operations.DefaultBuildOperationRunner.execute(Lorg/gradle/internal/operations/BuildOperation;Lorg/gradle/internal/operations/BuildOperationWorker;Lorg/gradle/internal/operations/BuildOperationState;)V (23 bytes) @ 0x0000029957e4c514 [0x0000029957e4c260+0x00000000000002b4]
j  org.gradle.internal.operations.DefaultBuildOperationRunner.run(Lorg/gradle/internal/operations/RunnableBuildOperation;)V+9
j  org.gradle.api.internal.plugins.DefaultPluginManager.lambda$doApply$0(Ljava/lang/Runnable;Lorg/gradle/api/internal/plugins/PluginImplementation;Ljava/lang/String;Ljava/lang/Class;Lorg/gradle/internal/code/UserCodeApplicationId;)V+20
j  org.gradle.api.internal.plugins.DefaultPluginManager$$Lambda+0x00000299017b9cc8.execute(Ljava/lang/Object;)V+24
j  org.gradle.internal.code.DefaultUserCodeApplicationContext.apply(Lorg/gradle/internal/code/UserCodeSource;Lorg/gradle/api/Action;)V+37
j  org.gradle.api.internal.plugins.DefaultPluginManager.doApply(Lorg/gradle/api/internal/plugins/PluginImplementation;)V+144
j  org.gradle.api.internal.plugins.DefaultPluginManager.apply(Lorg/gradle/api/internal/plugins/PluginImplementation;)V+2
j  org.gradle.plugin.use.resolve.internal.ClassPathPluginResolution.applyTo(Lorg/gradle/api/internal/plugins/PluginManagerInternal;)V+5
j  org.gradle.plugin.use.internal.DefaultPluginRequestApplicator$ApplyAction.apply(Lorg/gradle/api/internal/plugins/PluginManagerInternal;)V+21
j  org.gradle.plugin.use.internal.DefaultPluginRequestApplicator.lambda$applyPlugins$1(Lorg/gradle/api/internal/plugins/PluginManagerInternal;Lorg/gradle/plugin/use/internal/DefaultPluginRequestApplicator$ApplyAction;)V+2
j  org.gradle.plugin.use.internal.DefaultPluginRequestApplicator$$Lambda+0x00000299017b2000.accept(Ljava/lang/Object;)V+8
j  java.util.ArrayList.forEach(Ljava/util/function/Consumer;)V+46 java.base@21.0.12.1
j  org.gradle.plugin.use.internal.DefaultPluginRequestApplicator.applyPlugins(Lorg/gradle/plugin/management/internal/PluginRequests;Lorg/gradle/api/internal/initialization/ScriptHandlerInternal;Lorg/gradle/api/internal/plugins/PluginManagerInternal;Lorg/gradle/api/internal/initialization/ClassLoaderScope;)V+375
j  org.gradle.kotlin.dsl.provider.PluginRequestsHandler.handle(Lorg/gradle/plugin/management/internal/PluginRequests;Lorg/gradle/api/internal/initialization/ScriptHandlerInternal;Lorg/gradle/api/internal/plugins/PluginAwareInternal;Lorg/gradle/api/internal/initialization/ClassLoaderScope;)V+65
j  org.gradle.kotlin.dsl.provider.StandardKotlinScriptEvaluator$InterpreterHost.applyPluginsTo(Lorg/gradle/kotlin/dsl/support/KotlinScriptHost;Lorg/gradle/plugin/management/internal/PluginRequests;)V+53
j  org.gradle.kotlin.dsl.execution.Interpreter$ProgramHost.applyPluginsTo(Lorg/gradle/kotlin/dsl/support/KotlinScriptHost;Lorg/gradle/plugin/management/internal/PluginRequests;)V+21
j  Program.execute(Lorg/gradle/kotlin/dsl/execution/ExecutableProgram$Host;Lorg/gradle/kotlin/dsl/support/KotlinScriptHost;)V+38
j  org.gradle.kotlin.dsl.execution.Interpreter$ProgramHost.eval(Lorg/gradle/kotlin/dsl/execution/CompiledScript;Lorg/gradle/kotlin/dsl/support/KotlinScriptHost;)V+88
j  org.gradle.kotlin.dsl.execution.Interpreter.eval(Ljava/lang/Object;Lorg/gradle/groovy/scripts/ScriptSource;Lorg/gradle/internal/hash/HashCode;Lorg/gradle/api/initialization/dsl/ScriptHandler;Lorg/gradle/api/internal/initialization/ClassLoaderScope;Lorg/gradle/api/internal/initialization/ClassLoaderScope;ZLjava/util/EnumSet;)V+213
j  org.gradle.kotlin.dsl.provider.StandardKotlinScriptEvaluator.evaluate(Ljava/lang/Object;Lorg/gradle/groovy/scripts/ScriptSource;Lorg/gradle/api/initialization/dsl/ScriptHandler;Lorg/gradle/api/internal/initialization/ClassLoaderScope;Lorg/gradle/api/internal/initialization/ClassLoaderScope;ZLjava/util/EnumSet;)V+163
j  org.gradle.kotlin.dsl.provider.KotlinScriptPluginFactory$create$1.invoke(Ljava/lang/Object;)V+72
j  org.gradle.kotlin.dsl.provider.KotlinScriptPluginFactory$create$1.invoke(Ljava/lang/Object;)Ljava/lang/Object;+2
j  org.gradle.kotlin.dsl.provider.KotlinScriptPlugin.apply(Ljava/lang/Object;)V+22
j  org.gradle.configuration.BuildOperationScriptPlugin$1.run(Lorg/gradle/internal/operations/BuildOperationContext;)V+11
j  org.gradle.internal.operations.DefaultBuildOperationRunner$1.execute(Lorg/gradle/internal/operations/RunnableBuildOperation;Lorg/gradle/internal/operations/BuildOperationContext;)V+2
j  org.gradle.internal.operations.DefaultBuildOperationRunner$1.execute(Lorg/gradle/internal/operations/BuildOperation;Lorg/gradle/internal/operations/BuildOperationContext;)V+6
J 6914 c1 org.gradle.internal.operations.DefaultBuildOperationRunner$2.execute(Lorg/gradle/internal/operations/BuildOperationDescriptor;Lorg/gradle/internal/operations/BuildOperationState;Lorg/gradle/internal/operations/BuildOperationState;Lorg/gradle/internal/operations/DefaultBuildOperationRunner$ReadableBuildOperationContext;Lorg/gradle/internal/operations/DefaultBuildOperationRunner$BuildOperationExecutionListener;)Lorg/gradle/internal/operations/BuildOperation; (110 bytes) @ 0x0000029957de9e44 [0x0000029957de9c40+0x0000000000000204]
J 7123 c1 org.gradle.internal.operations.DefaultBuildOperationRunner$2.execute(Lorg/gradle/internal/operations/BuildOperationDescriptor;Lorg/gradle/internal/operations/BuildOperationState;Lorg/gradle/internal/operations/BuildOperationState;Lorg/gradle/internal/operations/DefaultBuildOperationRunner$ReadableBuildOperationContext;Lorg/gradle/internal/operations/DefaultBuildOperationRunner$BuildOperationExecutionListener;)Ljava/lang/Object; (12 bytes) @ 0x0000029957e4bebc [0x0000029957e4be40+0x000000000000007c]
J 6910 c1 org.gradle.internal.operations.DefaultBuildOperationRunner.execute(Lorg/gradle/internal/operations/BuildOperationDescriptor$Builder;Lorg/gradle/internal/operations/BuildOperationState;Lorg/gradle/internal/operations/DefaultBuildOperationRunner$BuildOperationExecution;)Ljava/lang/Object; (147 bytes) @ 0x0000029957de7fd4 [0x0000029957de7480+0x0000000000000b54]
J 7121 c1 org.gradle.internal.operations.DefaultBuildOperationRunner.execute(Lorg/gradle/internal/operations/BuildOperation;Lorg/gradle/internal/operations/BuildOperationWorker;Lorg/gradle/internal/operations/BuildOperationState;)V (23 bytes) @ 0x0000029957e4c514 [0x0000029957e4c260+0x00000000000002b4]
j  org.gradle.internal.operations.DefaultBuildOperationRunner.run(Lorg/gradle/internal/operations/RunnableBuildOperation;)V+9
j  org.gradle.configuration.BuildOperationScriptPlugin.lambda$apply$0(Ljava/lang/Object;Lorg/gradle/internal/code/UserCodeApplicationId;)V+14
j  org.gradle.configuration.BuildOperationScriptPlugin$$Lambda+0x000002990144f578.execute(Ljava/lang/Object;)V+12
j  org.gradle.internal.code.DefaultUserCodeApplicationContext.apply(Lorg/gradle/internal/code/UserCodeSource;Lorg/gradle/api/Action;)V+37
j  org.gradle.configuration.BuildOperationScriptPlugin.apply(Ljava/lang/Object;)V+71
j  org.gradle.configuration.project.BuildScriptProcessor$$Lambda+0x0000029901904000.accept(Ljava/lang/Object;)V+8
j  org.gradle.api.internal.project.DefaultProjectStateRegistry$ProjectStateImpl.lambda$applyToMutableState$1(Ljava/util/function/Consumer;Lorg/gradle/api/internal/project/ProjectInternal;)Ljava/lang/Object;+2
j  org.gradle.api.internal.project.DefaultProjectStateRegistry$ProjectStateImpl$$Lambda+0x00000299018af0b8.apply(Ljava/lang/Object;)Ljava/lang/Object;+8
j  org.gradle.api.internal.project.DefaultProjectStateRegistry$ProjectStateImpl.fromMutableState(Ljava/util/function/Function;)Ljava/lang/Object;+97
j  org.gradle.api.internal.project.DefaultProjectStateRegistry$ProjectStateImpl.applyToMutableState(Ljava/util/function/Consumer;)V+7
j  org.gradle.configuration.project.BuildScriptProcessor.execute(Lorg/gradle/api/internal/project/ProjectInternal;)V+88
j  org.gradle.configuration.project.BuildScriptProcessor.execute(Ljava/lang/Object;)V+5
j  org.gradle.configuration.project.ConfigureActionsProjectEvaluator.evaluate(Lorg/gradle/api/internal/project/ProjectInternal;Lorg/gradle/api/internal/project/ProjectStateInternal;)V+33
j  org.gradle.configuration.project.LifecycleProjectEvaluator$EvaluateProject.lambda$run$0(Lorg/gradle/internal/operations/BuildOperationContext;Lorg/gradle/api/internal/project/ProjectInternal;)V+67
j  org.gradle.configuration.project.LifecycleProjectEvaluator$EvaluateProject$$Lambda+0x00000299018b5620.accept(Ljava/lang/Object;)V+12
j  org.gradle.api.internal.project.DefaultProjectStateRegistry$ProjectStateImpl.lambda$applyToMutableState$1(Ljava/util/function/Consumer;Lorg/gradle/api/internal/project/ProjectInternal;)Ljava/lang/Object;+2
j  org.gradle.api.internal.project.DefaultProjectStateRegistry$ProjectStateImpl$$Lambda+0x00000299018af0b8.apply(Ljava/lang/Object;)Ljava/lang/Object;+8
j  org.gradle.api.internal.project.DefaultProjectStateRegistry$ProjectStateImpl.lambda$fromMutableState$2(Ljava/util/function/Function;)Ljava/lang/Object;+5
j  org.gradle.api.internal.project.DefaultProjectStateRegistry$ProjectStateImpl$$Lambda+0x00000299018af300.create()Ljava/lang/Object;+8
j  org.gradle.internal.work.DefaultWorkerLeaseService.withReplacedLocks(Ljava/util/Collection;Lorg/gradle/internal/resources/ResourceLock;Lorg/gradle/internal/Factory;)Ljava/lang/Object;+40
j  org.gradle.api.internal.project.DefaultProjectStateRegistry$ProjectStateImpl.fromMutableState(Ljava/util/function/Function;)Ljava/lang/Object;+133
j  org.gradle.api.internal.project.DefaultProjectStateRegistry$ProjectStateImpl.applyToMutableState(Ljava/util/function/Consumer;)V+7
j  org.gradle.configuration.project.LifecycleProjectEvaluator$EvaluateProject.run(Lorg/gradle/internal/operations/BuildOperationContext;)V+16
j  org.gradle.internal.operations.DefaultBuildOperationRunner$1.execute(Lorg/gradle/internal/operations/RunnableBuildOperation;Lorg/gradle/internal/operations/BuildOperationContext;)V+2
j  org.gradle.internal.operations.DefaultBuildOperationRunner$1.execute(Lorg/gradle/internal/operations/BuildOperation;Lorg/gradle/internal/operations/BuildOperationContext;)V+6
J 6914 c1 org.gradle.internal.operations.DefaultBuildOperationRunner$2.execute(Lorg/gradle/internal/operations/BuildOperationDescriptor;Lorg/gradle/internal/operations/BuildOperationState;Lorg/gradle/internal/operations/BuildOperationState;Lorg/gradle/internal/operations/DefaultBuildOperationRunner$ReadableBuildOperationContext;Lorg/gradle/internal/operations/DefaultBuildOperationRunner$BuildOperationExecutionListener;)Lorg/gradle/internal/operations/BuildOperation; (110 bytes) @ 0x0000029957de9e44 [0x0000029957de9c40+0x0000000000000204]
J 7123 c1 org.gradle.internal.operations.DefaultBuildOperationRunner$2.execute(Lorg/gradle/internal/operations/BuildOperationDescriptor;Lorg/gradle/internal/operations/BuildOperationState;Lorg/gradle/internal/operations/BuildOperationState;Lorg/gradle/internal/operations/DefaultBuildOperationRunner$ReadableBuildOperationContext;Lorg/gradle/internal/operations/DefaultBuildOperationRunner$BuildOperationExecutionListener;)Ljava/lang/Object; (12 bytes) @ 0x0000029957e4bebc [0x0000029957e4be40+0x000000000000007c]
J 6910 c1 org.gradle.internal.operations.DefaultBuildOperationRunner.execute(Lorg/gradle/internal/operations/BuildOperationDescriptor$Builder;Lorg/gradle/internal/operations/BuildOperationState;Lorg/gradle/internal/operations/DefaultBuildOperationRunner$BuildOperationExecution;)Ljava/lang/Object; (147 bytes) @ 0x0000029957de7fd4 [0x0000029957de7480+0x0000000000000b54]
J 7121 c1 org.gradle.internal.operations.DefaultBuildOperationRunner.execute(Lorg/gradle/internal/operations/BuildOperation;Lorg/gradle/internal/operations/BuildOperationWorker;Lorg/gradle/internal/operations/BuildOperationState;)V (23 bytes) @ 0x0000029957e4c514 [0x0000029957e4c260+0x00000000000002b4]
j  org.gradle.internal.operations.DefaultBuildOperationRunner.run(Lorg/gradle/internal/operations/RunnableBuildOperation;)V+9
j  org.gradle.configuration.project.LifecycleProjectEvaluator.evaluate(Lorg/gradle/api/internal/project/ProjectInternal;Lorg/gradle/api/internal/project/ProjectStateInternal;)V+42
j  org.gradle.api.internal.project.DefaultProject.evaluateUnchecked()Lorg/gradle/api/internal/project/ProjectInternal;+20
j  org.gradle.api.internal.project.ProjectLifecycleController.lambda$ensureSelfConfigured$2()V+4
j  org.gradle.api.internal.project.ProjectLifecycleController$$Lambda+0x00000299018abb58.run()V+4
j  org.gradle.internal.model.StateTransitionController.lambda$doTransition$14(Ljava/lang/Runnable;)Lorg/gradle/internal/build/ExecutionResult;+1
j  org.gradle.internal.model.StateTransitionController$$Lambda+0x0000029901421000.get()Ljava/lang/Object;+4
j  org.gradle.internal.model.StateTransitionController.doTransition(Lorg/gradle/internal/model/StateTransitionController$State;Lorg/gradle/internal/model/StateTransitionController$State;Ljava/util/function/Supplier;)Lorg/gradle/internal/build/ExecutionResult;+24
j  org.gradle.internal.model.StateTransitionController.doTransition(Lorg/gradle/internal/model/StateTransitionController$State;Lorg/gradle/internal/model/StateTransitionController$State;Ljava/lang/Runnable;)V+9
j  org.gradle.internal.model.StateTransitionController.lambda$maybeTransitionIfNotCurrentlyTransitioning$10(Lorg/gradle/internal/model/StateTransitionController$State;Lorg/gradle/internal/model/StateTransitionController$State;Ljava/lang/Runnable;)V+16
j  org.gradle.internal.model.StateTransitionController$$Lambda+0x00000299018abd80.run()V+16
j  org.gradle.internal.work.DefaultSynchronizer.withLock(Ljava/lang/Runnable;)V+6
j  org.gradle.internal.model.StateTransitionController.maybeTransitionIfNotCurrentlyTransitioning(Lorg/gradle/internal/model/StateTransitionController$State;Lorg/gradle/internal/model/StateTransitionController$State;Ljava/lang/Runnable;)V+13
j  org.gradle.api.internal.project.ProjectLifecycleController.ensureSelfConfigured()V+16
j  org.gradle.api.internal.project.DefaultProjectStateRegistry$ProjectStateImpl.ensureConfigured()V+19
j  org.gradle.execution.TaskPathProjectEvaluator.configure(Lorg/gradle/api/internal/project/ProjectInternal;)V+6
j  org.gradle.execution.TaskPathProjectEvaluator.configureHierarchy(Lorg/gradle/api/internal/project/ProjectInternal;)V+41
j  org.gradle.configuration.DefaultProjectsPreparer.prepareProjects(Lorg/gradle/api/internal/GradleInternal;)V+52
j  org.gradle.configuration.BuildTreePreparingProjectsPreparer.prepareProjects(Lorg/gradle/api/internal/GradleInternal;)V+114
j  org.gradle.configuration.BuildOperationFiringProjectsPreparer$ConfigureBuild.run(Lorg/gradle/internal/operations/BuildOperationContext;)V+11
j  org.gradle.internal.operations.DefaultBuildOperationRunner$1.execute(Lorg/gradle/internal/operations/RunnableBuildOperation;Lorg/gradle/internal/operations/BuildOperationContext;)V+2
j  org.gradle.internal.operations.DefaultBuildOperationRunner$1.execute(Lorg/gradle/internal/operations/BuildOperation;Lorg/gradle/internal/operations/BuildOperationContext;)V+6
j  org.gradle.internal.operations.DefaultBuildOperationRunner$2.execute(Lorg/gradle/internal/operations/BuildOperationDescriptor;Lorg/gradle/internal/operations/BuildOperationState;Lorg/gradle/internal/operations/BuildOperationState;Lorg/gradle/internal/operations/DefaultBuildOperationRunner$ReadableBuildOperationContext;Lorg/gradle/internal/operations/DefaultBuildOperationRunner$BuildOperationExecutionListener;)Lorg/gradle/internal/operations/BuildOperation;+22
j  org.gradle.internal.operations.DefaultBuildOperationRunner$2.execute(Lorg/gradle/internal/operations/BuildOperationDescriptor;Lorg/gradle/internal/operations/BuildOperationState;Lorg/gradle/internal/operations/BuildOperationState;Lorg/gradle/internal/operations/DefaultBuildOperationRunner$ReadableBuildOperationContext;Lorg/gradle/internal/operations/DefaultBuildOperationRunner$BuildOperationExecutionListener;)Ljava/lang/Object;+8
j  org.gradle.internal.operations.DefaultBuildOperationRunner.execute(Lorg/gradle/internal/operations/BuildOperationDescriptor$Builder;Lorg/gradle/internal/operations/BuildOperationState;Lorg/gradle/internal/operations/DefaultBuildOperationRunner$BuildOperationExecution;)Ljava/lang/Object;+141
j  org.gradle.internal.operations.DefaultBuildOperationRunner.execute(Lorg/gradle/internal/operations/BuildOperation;Lorg/gradle/internal/operations/BuildOperationWorker;Lorg/gradle/internal/operations/BuildOperationState;)V+18
j  org.gradle.internal.operations.DefaultBuildOperationRunner.run(Lorg/gradle/internal/operations/RunnableBuildOperation;)V+9
j  org.gradle.configuration.BuildOperationFiringProjectsPreparer.prepareProjects(Lorg/gradle/api/internal/GradleInternal;)V+13
j  org.gradle.initialization.VintageBuildModelController.lambda$prepareProjects$2()V+8
j  org.gradle.initialization.VintageBuildModelController$$Lambda+0x0000029901843d18.run()V+4
j  org.gradle.internal.model.StateTransitionController.lambda$doTransition$14(Ljava/lang/Runnable;)Lorg/gradle/internal/build/ExecutionResult;+1
j  org.gradle.internal.model.StateTransitionController$$Lambda+0x0000029901421000.get()Ljava/lang/Object;+4
j  org.gradle.internal.model.StateTransitionController.doTransition(Lorg/gradle/internal/model/StateTransitionController$State;Lorg/gradle/internal/model/StateTransitionController$State;Ljava/util/function/Supplier;)Lorg/gradle/internal/build/ExecutionResult;+24
j  org.gradle.internal.model.StateTransitionController.doTransition(Lorg/gradle/internal/model/StateTransitionController$State;Lorg/gradle/internal/model/StateTransitionController$State;Ljava/lang/Runnable;)V+9
j  org.gradle.internal.model.StateTransitionController.lambda$transitionIfNotPreviously$11(Lorg/gradle/internal/model/StateTransitionController$State;Lorg/gradle/internal/model/StateTransitionController$State;Ljava/lang/Runnable;)V+16
j  org.gradle.internal.model.StateTransitionController$$Lambda+0x0000029901421450.run()V+16
j  org.gradle.internal.work.DefaultSynchronizer.withLock(Ljava/lang/Runnable;)V+6
j  org.gradle.internal.model.StateTransitionController.transitionIfNotPreviously(Lorg/gradle/internal/model/StateTransitionController$State;Lorg/gradle/internal/model/StateTransitionController$State;Ljava/lang/Runnable;)V+13
j  org.gradle.initialization.VintageBuildModelController.prepareProjects()V+16
j  org.gradle.initialization.VintageBuildModelController.getConfiguredModel()Lorg/gradle/api/internal/GradleInternal;+5
j  org.gradle.internal.build.DefaultBuildLifecycleController$$Lambda+0x0000029901843af0.get()Ljava/lang/Object;+4
j  org.gradle.internal.model.StateTransitionController.lambda$notInState$3(Lorg/gradle/internal/model/StateTransitionController$State;Ljava/util/function/Supplier;)Ljava/lang/Object;+11
j  org.gradle.internal.model.StateTransitionController$$Lambda+0x000002990167ae90.create()Ljava/lang/Object;+12
j  org.gradle.internal.work.DefaultSynchronizer.withLock(Lorg/gradle/internal/Factory;)Ljava/lang/Object;+6
j  org.gradle.internal.model.StateTransitionController.notInState(Lorg/gradle/internal/model/StateTransitionController$State;Ljava/util/function/Supplier;)Ljava/lang/Object;+12
j  org.gradle.internal.build.DefaultBuildLifecycleController.configureProjects()V+21
j  org.gradle.internal.build.AbstractBuildState.ensureProjectsConfigured()V+4
j  org.gradle.internal.buildtree.BuildInclusionCoordinator$$Lambda+0x0000029901843240.run()V+4
j  org.gradle.internal.buildtree.BuildInclusionCoordinator$BuildSynchronizer.lambda$withLock$0(Ljava/lang/Runnable;)V+14
j  org.gradle.internal.buildtree.BuildInclusionCoordinator$BuildSynchronizer$$Lambda+0x00000299018438c8.run()V+8
j  org.gradle.internal.work.DefaultSynchronizer.withLock(Ljava/lang/Runnable;)V+6
j  org.gradle.internal.buildtree.BuildInclusionCoordinator$BuildSynchronizer.withLock(Ljava/lang/Runnable;)V+11
j  org.gradle.internal.buildtree.BuildInclusionCoordinator.withLockForBuild(Lorg/gradle/internal/build/BuildState;Ljava/lang/Runnable;)V+20
j  org.gradle.internal.buildtree.BuildInclusionCoordinator.prepareForPluginResolution(Lorg/gradle/internal/build/IncludedBuildState;)V+13
j  org.gradle.internal.composite.DefaultBuildIncluder.prepareForPluginResolution(Lorg/gradle/internal/build/IncludedBuildState;)V+5
j  org.gradle.composite.internal.plugins.CompositeBuildPluginResolverContributor$CompositeBuildPluginResolver.resolveFromIncludedPluginBuilds(Lorg/gradle/plugin/use/PluginId;)Lorg/gradle/plugin/use/resolve/internal/PluginResolution;+39
j  org.gradle.composite.internal.plugins.CompositeBuildPluginResolverContributor$CompositeBuildPluginResolver.doResolve(Lorg/gradle/plugin/use/PluginId;)Lorg/gradle/composite/internal/plugins/CompositeBuildPluginResolverContributor$PluginResult;+2
j  org.gradle.composite.internal.plugins.CompositeBuildPluginResolverContributor$CompositeBuildPluginResolver$$Lambda+0x0000029901676638.apply(Ljava/lang/Object;)Ljava/lang/Object;+8
J 4631 c2 java.util.concurrent.ConcurrentHashMap.computeIfAbsent(Ljava/lang/Object;Ljava/util/function/Function;)Ljava/lang/Object; java.base@21.0.12.1 (576 bytes) @ 0x000002995eda3e9c [0x000002995eda35e0+0x00000000000008bc]
j  org.gradle.composite.internal.plugins.CompositeBuildPluginResolverContributor$CompositeBuildPluginResolver.resolve(Lorg/gradle/plugin/management/internal/PluginRequestInternal;)Lorg/gradle/plugin/use/resolve/internal/PluginResolutionResult;+16
j  org.gradle.plugin.use.resolve.internal.CompositePluginResolver.resolve(Lorg/gradle/plugin/management/internal/PluginRequestInternal;)Lorg/gradle/plugin/use/resolve/internal/PluginResolutionResult;+37
j  org.gradle.plugin.use.resolve.internal.AlreadyOnClasspathPluginResolver.resolve(Lorg/gradle/plugin/management/internal/PluginRequestInternal;)Lorg/gradle/plugin/use/resolve/internal/PluginResolutionResult;+28
j  org.gradle.plugin.use.internal.DefaultPluginRequestApplicator.resolvePluginRequest(Lorg/gradle/plugin/use/resolve/internal/PluginResolver;Lorg/gradle/plugin/management/internal/PluginRequestInternal;)Lorg/gradle/plugin/use/resolve/internal/PluginResolution;+2
j  org.gradle.plugin.use.internal.DefaultPluginRequestApplicator.applyPlugins(Lorg/gradle/plugin/management/internal/PluginRequests;Lorg/gradle/api/internal/initialization/ScriptHandlerInternal;Lorg/gradle/api/internal/plugins/PluginManagerInternal;Lorg/gradle/api/internal/initialization/ClassLoaderScope;)V+136
j  org.gradle.configuration.DefaultScriptPluginFactory$ScriptPluginImpl.apply(Ljava/lang/Object;)V+174
j  org.gradle.configuration.BuildOperationScriptPlugin$1.run(Lorg/gradle/internal/operations/BuildOperationContext;)V+11
j  org.gradle.internal.operations.DefaultBuildOperationRunner$1.execute(Lorg/gradle/internal/operations/RunnableBuildOperation;Lorg/gradle/internal/operations/BuildOperationContext;)V+2
j  org.gradle.internal.operations.DefaultBuildOperationRunner$1.execute(Lorg/gradle/internal/operations/BuildOperation;Lorg/gradle/internal/operations/BuildOperationContext;)V+6
j  org.gradle.internal.operations.DefaultBuildOperationRunner$2.execute(Lorg/gradle/internal/operations/BuildOperationDescriptor;Lorg/gradle/internal/operations/BuildOperationState;Lorg/gradle/internal/operations/BuildOperationState;Lorg/gradle/internal/operations/DefaultBuildOperationRunner$ReadableBuildOperationContext;Lorg/gradle/internal/operations/DefaultBuildOperationRunner$BuildOperationExecutionListener;)Lorg/gradle/internal/operations/BuildOperation;+22
j  org.gradle.internal.operations.DefaultBuildOperationRunner$2.execute(Lorg/gradle/internal/operations/BuildOperationDescriptor;Lorg/gradle/internal/operations/BuildOperationState;Lorg/gradle/internal/operations/BuildOperationState;Lorg/gradle/internal/operations/DefaultBuildOperationRunner$ReadableBuildOperationContext;Lorg/gradle/internal/operations/DefaultBuildOperationRunner$BuildOperationExecutionListener;)Ljava/lang/Object;+8
j  org.gradle.internal.operations.DefaultBuildOperationRunner.execute(Lorg/gradle/internal/operations/BuildOperationDescriptor$Builder;Lorg/gradle/internal/operations/BuildOperationState;Lorg/gradle/internal/operations/DefaultBuildOperationRunner$BuildOperationExecution;)Ljava/lang/Object;+141
j  org.gradle.internal.operations.DefaultBuildOperationRunner.execute(Lorg/gradle/internal/operations/BuildOperation;Lorg/gradle/internal/operations/BuildOperationWorker;Lorg/gradle/internal/operations/BuildOperationState;)V+18
j  org.gradle.internal.operations.DefaultBuildOperationRunner.run(Lorg/gradle/internal/operations/RunnableBuildOperation;)V+9
j  org.gradle.configuration.BuildOperationScriptPlugin.lambda$apply$0(Ljava/lang/Object;Lorg/gradle/internal/code/UserCodeApplicationId;)V+14
j  org.gradle.configuration.BuildOperationScriptPlugin$$Lambda+0x000002990144f578.execute(Ljava/lang/Object;)V+12
j  org.gradle.internal.code.DefaultUserCodeApplicationContext.apply(Lorg/gradle/internal/code/UserCodeSource;Lorg/gradle/api/Action;)V+37
j  org.gradle.configuration.BuildOperationScriptPlugin.apply(Ljava/lang/Object;)V+71
j  org.gradle.initialization.ScriptEvaluatingSettingsProcessor.applySettingsScript(Lorg/gradle/groovy/scripts/TextResourceScriptSource;Lorg/gradle/api/internal/SettingsInternal;)V+32
j  org.gradle.initialization.ScriptEvaluatingSettingsProcessor.process(Lorg/gradle/api/internal/GradleInternal;Lorg/gradle/initialization/SettingsLocation;Lorg/gradle/api/internal/initialization/ClassLoaderScope;Lorg/gradle/StartParameter;)Lorg/gradle/initialization/SettingsState;+90
j  org.gradle.initialization.SettingsEvaluatedCallbackFiringSettingsProcessor.process(Lorg/gradle/api/internal/GradleInternal;Lorg/gradle/initialization/SettingsLocation;Lorg/gradle/api/internal/initialization/ClassLoaderScope;Lorg/gradle/StartParameter;)Lorg/gradle/initialization/SettingsState;+9
j  org.gradle.initialization.RootBuildCacheControllerSettingsProcessor.process(Lorg/gradle/api/internal/GradleInternal;Lorg/gradle/initialization/SettingsLocation;Lorg/gradle/api/internal/initialization/ClassLoaderScope;Lorg/gradle/StartParameter;)Lorg/gradle/initialization/SettingsState;+9
j  org.gradle.initialization.BuildOperationSettingsProcessor$2.call(Lorg/gradle/internal/operations/BuildOperationContext;)Lorg/gradle/initialization/SettingsState;+23
j  org.gradle.initialization.BuildOperationSettingsProcessor$2.call(Lorg/gradle/internal/operations/BuildOperationContext;)Ljava/lang/Object;+2
j  org.gradle.internal.operations.DefaultBuildOperationRunner$CallableBuildOperationWorker.execute(Lorg/gradle/internal/operations/CallableBuildOperation;Lorg/gradle/internal/operations/BuildOperationContext;)V+3
j  org.gradle.internal.operations.DefaultBuildOperationRunner$CallableBuildOperationWorker.execute(Lorg/gradle/internal/operations/BuildOperation;Lorg/gradle/internal/operations/BuildOperationContext;)V+6
j  org.gradle.internal.operations.DefaultBuildOperationRunner$2.execute(Lorg/gradle/internal/operations/BuildOperationDescriptor;Lorg/gradle/internal/operations/BuildOperationState;Lorg/gradle/internal/operations/BuildOperationState;Lorg/gradle/internal/operations/DefaultBuildOperationRunner$ReadableBuildOperationContext;Lorg/gradle/internal/operations/DefaultBuildOperationRunner$BuildOperationExecutionListener;)Lorg/gradle/internal/operations/BuildOperation;+22
j  org.gradle.internal.operations.DefaultBuildOperationRunner$2.execute(Lorg/gradle/internal/operations/BuildOperationDescriptor;Lorg/gradle/internal/operations/BuildOperationState;Lorg/gradle/internal/operations/BuildOperationState;Lorg/gradle/internal/operations/DefaultBuildOperationRunner$ReadableBuildOperationContext;Lorg/gradle/internal/operations/DefaultBuildOperationRunner$BuildOperationExecutionListener;)Ljava/lang/Object;+8
j  org.gradle.internal.operations.DefaultBuildOperationRunner.execute(Lorg/gradle/internal/operations/BuildOperationDescriptor$Builder;Lorg/gradle/internal/operations/BuildOperationState;Lorg/gradle/internal/operations/DefaultBuildOperationRunner$BuildOperationExecution;)Ljava/lang/Object;+141
j  org.gradle.internal.operations.DefaultBuildOperationRunner.execute(Lorg/gradle/internal/operations/BuildOperation;Lorg/gradle/internal/operations/BuildOperationWorker;Lorg/gradle/internal/operations/BuildOperationState;)V+18
j  org.gradle.internal.operations.DefaultBuildOperationRunner.call(Lorg/gradle/internal/operations/CallableBuildOperation;)Ljava/lang/Object;+16
j  org.gradle.initialization.BuildOperationSettingsProcessor.process(Lorg/gradle/api/internal/GradleInternal;Lorg/gradle/initialization/SettingsLocation;Lorg/gradle/api/internal/initialization/ClassLoaderScope;Lorg/gradle/StartParameter;)Lorg/gradle/initialization/SettingsState;+17
j  org.gradle.initialization.DefaultSettingsLoader.findSettingsAndLoadIfAppropriate(Lorg/gradle/api/internal/GradleInternal;Lorg/gradle/StartParameter;Lorg/gradle/initialization/SettingsLocation;Lorg/gradle/api/internal/initialization/ClassLoaderScope;)Lorg/gradle/initialization/SettingsState;+9
j  org.gradle.initialization.DefaultSettingsLoader.findAndLoadSettings(Lorg/gradle/api/internal/GradleInternal;)Lorg/gradle/initialization/SettingsState;+103
j  org.gradle.initialization.SettingsAttachingSettingsLoader.findAndLoadSettings(Lorg/gradle/api/internal/GradleInternal;)Lorg/gradle/initialization/SettingsState;+5
j  org.gradle.internal.composite.CommandLineIncludedBuildSettingsLoader.findAndLoadSettings(Lorg/gradle/api/internal/GradleInternal;)Lorg/gradle/initialization/SettingsState;+5
j  org.gradle.internal.composite.ChildBuildRegisteringSettingsLoader.findAndLoadSettings(Lorg/gradle/api/internal/GradleInternal;)Lorg/gradle/initialization/SettingsState;+5
j  org.gradle.internal.composite.CompositeBuildSettingsLoader.findAndLoadSettings(Lorg/gradle/api/internal/GradleInternal;)Lorg/gradle/initialization/SettingsState;+5
j  org.gradle.initialization.InitScriptHandlingSettingsLoader.findAndLoadSettings(Lorg/gradle/api/internal/GradleInternal;)Lorg/gradle/initialization/SettingsState;+13
j  org.gradle.api.internal.initialization.CacheConfigurationsHandlingSettingsLoader.findAndLoadSettings(Lorg/gradle/api/internal/GradleInternal;)Lorg/gradle/initialization/SettingsState;+15
j  org.gradle.initialization.GradlePropertiesHandlingSettingsLoader.findAndLoadSettings(Lorg/gradle/api/internal/GradleInternal;)Lorg/gradle/initialization/SettingsState;+40
j  org.gradle.initialization.DefaultSettingsPreparer.prepareSettings(Lorg/gradle/api/internal/GradleInternal;)V+33
j  org.gradle.initialization.BuildOperationFiringSettingsPreparer$LoadBuild.doLoadBuild()V+11
j  org.gradle.initialization.BuildOperationFiringSettingsPreparer$LoadBuild.run(Lorg/gradle/internal/operations/BuildOperationContext;)V+1
j  org.gradle.internal.operations.DefaultBuildOperationRunner$1.execute(Lorg/gradle/internal/operations/RunnableBuildOperation;Lorg/gradle/internal/operations/BuildOperationContext;)V+2
j  org.gradle.internal.operations.DefaultBuildOperationRunner$1.execute(Lorg/gradle/internal/operations/BuildOperation;Lorg/gradle/internal/operations/BuildOperationContext;)V+6
j  org.gradle.internal.operations.DefaultBuildOperationRunner$2.execute(Lorg/gradle/internal/operations/BuildOperationDescriptor;Lorg/gradle/internal/operations/BuildOperationState;Lorg/gradle/internal/operations/BuildOperationState;Lorg/gradle/internal/operations/DefaultBuildOperationRunner$ReadableBuildOperationContext;Lorg/gradle/internal/operations/DefaultBuildOperationRunner$BuildOperationExecutionListener;)Lorg/gradle/internal/operations/BuildOperation;+22
j  org.gradle.internal.operations.DefaultBuildOperationRunner$2.execute(Lorg/gradle/internal/operations/BuildOperationDescriptor;Lorg/gradle/internal/operations/BuildOperationState;Lorg/gradle/internal/operations/BuildOperationState;Lorg/gradle/internal/operations/DefaultBuildOperationRunner$ReadableBuildOperationContext;Lorg/gradle/internal/operations/DefaultBuildOperationRunner$BuildOperationExecutionListener;)Ljava/lang/Object;+8
j  org.gradle.internal.operations.DefaultBuildOperationRunner.execute(Lorg/gradle/internal/operations/BuildOperationDescriptor$Builder;Lorg/gradle/internal/operations/BuildOperationState;Lorg/gradle/internal/operations/DefaultBuildOperationRunner$BuildOperationExecution;)Ljava/lang/Object;+141
j  org.gradle.internal.operations.DefaultBuildOperationRunner.execute(Lorg/gradle/internal/operations/BuildOperation;Lorg/gradle/internal/operations/BuildOperationWorker;Lorg/gradle/internal/operations/BuildOperationState;)V+18
j  org.gradle.internal.operations.DefaultBuildOperationRunner.run(Lorg/gradle/internal/operations/RunnableBuildOperation;)V+9
j  org.gradle.initialization.BuildOperationFiringSettingsPreparer.prepareSettings(Lorg/gradle/api/internal/GradleInternal;)V+31
j  org.gradle.initialization.VintageBuildModelController.lambda$prepareSettings$1()V+8
j  org.gradle.initialization.VintageBuildModelController$$Lambda+0x0000029901421228.run()V+4
j  org.gradle.internal.model.StateTransitionController.lambda$doTransition$14(Ljava/lang/Runnable;)Lorg/gradle/internal/build/ExecutionResult;+1
j  org.gradle.internal.model.StateTransitionController$$Lambda+0x0000029901421000.get()Ljava/lang/Object;+4
j  org.gradle.internal.model.StateTransitionController.doTransition(Lorg/gradle/internal/model/StateTransitionController$State;Lorg/gradle/internal/model/StateTransitionController$State;Ljava/util/function/Supplier;)Lorg/gradle/internal/build/ExecutionResult;+24
j  org.gradle.internal.model.StateTransitionController.doTransition(Lorg/gradle/internal/model/StateTransitionController$State;Lorg/gradle/internal/model/StateTransitionController$State;Ljava/lang/Runnable;)V+9
j  org.gradle.internal.model.StateTransitionController.lambda$transitionIfNotPreviously$11(Lorg/gradle/internal/model/StateTransitionController$State;Lorg/gradle/internal/model/StateTransitionController$State;Ljava/lang/Runnable;)V+16
j  org.gradle.internal.model.StateTransitionController$$Lambda+0x0000029901421450.run()V+16
j  org.gradle.internal.work.DefaultSynchronizer.withLock(Ljava/lang/Runnable;)V+6
j  org.gradle.internal.model.StateTransitionController.transitionIfNotPreviously(Lorg/gradle/internal/model/StateTransitionController$State;Lorg/gradle/internal/model/StateTransitionController$State;Ljava/lang/Runnable;)V+13
j  org.gradle.initialization.VintageBuildModelController.prepareSettings()V+16
j  org.gradle.initialization.VintageBuildModelController.prepareToScheduleTasks()V+1
j  org.gradle.internal.build.DefaultBuildLifecycleController.lambda$prepareToScheduleTasks$6()V+9
j  org.gradle.internal.build.DefaultBuildLifecycleController$$Lambda+0x0000029901423a00.run()V+4
j  org.gradle.internal.model.StateTransitionController.lambda$doTransition$14(Ljava/lang/Runnable;)Lorg/gradle/internal/build/ExecutionResult;+1
j  org.gradle.internal.model.StateTransitionController$$Lambda+0x0000029901421000.get()Ljava/lang/Object;+4
j  org.gradle.internal.model.StateTransitionController.doTransition(Lorg/gradle/internal/model/StateTransitionController$State;Lorg/gradle/internal/model/StateTransitionController$State;Ljava/util/function/Supplier;)Lorg/gradle/internal/build/ExecutionResult;+24
j  org.gradle.internal.model.StateTransitionController.doTransition(Lorg/gradle/internal/model/StateTransitionController$State;Lorg/gradle/internal/model/StateTransitionController$State;Ljava/lang/Runnable;)V+9
j  org.gradle.internal.model.StateTransitionController.lambda$maybeTransition$9(Lorg/gradle/internal/model/StateTransitionController$State;Lorg/gradle/internal/model/StateTransitionController$State;Ljava/lang/Runnable;)V+16
j  org.gradle.internal.model.StateTransitionController$$Lambda+0x0000029901423c28.run()V+16
j  org.gradle.internal.work.DefaultSynchronizer.withLock(Ljava/lang/Runnable;)V+6
j  org.gradle.internal.model.StateTransitionController.maybeTransition(Lorg/gradle/internal/model/StateTransitionController$State;Lorg/gradle/internal/model/StateTransitionController$State;Ljava/lang/Runnable;)V+13
j  org.gradle.internal.build.DefaultBuildLifecycleController.prepareToScheduleTasks()V+16
j  org.gradle.internal.buildtree.DefaultBuildTreeWorkPreparer.scheduleRequestedTasks(Lorg/gradle/internal/buildtree/BuildTreeWorkGraph;Lorg/gradle/execution/EntryTaskSelector;)Lorg/gradle/internal/buildtree/BuildTreeWorkGraph$FinalizedGraph;+4
j  org.gradle.internal.cc.impl.VintageBuildTreeWorkController$scheduleAndRunRequestedTasks$1.apply(Lorg/gradle/internal/buildtree/BuildTreeWorkGraph;)Lorg/gradle/internal/build/ExecutionResult;+18
j  org.gradle.internal.cc.impl.VintageBuildTreeWorkController$scheduleAndRunRequestedTasks$1.apply(Ljava/lang/Object;)Ljava/lang/Object;+5
j  org.gradle.composite.internal.DefaultIncludedBuildTaskGraph.withNewWorkGraph(Ljava/util/function/Function;)Ljava/lang/Object;+30
j  org.gradle.internal.cc.impl.VintageBuildTreeWorkController.scheduleAndRunRequestedTasks(Lorg/gradle/execution/EntryTaskSelector;)Lorg/gradle/internal/build/ExecutionResult;+16
j  org.gradle.internal.buildtree.DefaultBuildTreeLifecycleController.lambda$scheduleAndRunTasks$1(Lorg/gradle/execution/EntryTaskSelector;)Lorg/gradle/internal/build/ExecutionResult;+5
j  org.gradle.internal.buildtree.DefaultBuildTreeLifecycleController$$Lambda+0x0000029901422d60.get()Ljava/lang/Object;+8
j  org.gradle.internal.buildtree.DefaultBuildTreeLifecycleController.lambda$runBuild$4(Ljava/util/function/Supplier;)Ljava/lang/Object;+1
j  org.gradle.internal.buildtree.DefaultBuildTreeLifecycleController$$Lambda+0x0000029901422f88.get()Ljava/lang/Object;+8
j  org.gradle.internal.model.StateTransitionController.lambda$transition$6(Ljava/util/function/Supplier;)Lorg/gradle/internal/build/ExecutionResult;+1
j  org.gradle.internal.model.StateTransitionController$$Lambda+0x00000299014233d8.get()Ljava/lang/Object;+4
j  org.gradle.internal.model.StateTransitionController.doTransition(Lorg/gradle/internal/model/StateTransitionController$State;Lorg/gradle/internal/model/StateTransitionController$State;Ljava/util/function/Supplier;)Lorg/gradle/internal/build/ExecutionResult;+24
j  org.gradle.internal.model.StateTransitionController.lambda$transition$7(Lorg/gradle/internal/model/StateTransitionController$State;Lorg/gradle/internal/model/StateTransitionController$State;Ljava/util/function/Supplier;)Ljava/lang/Object;+9
j  org.gradle.internal.model.StateTransitionController$$Lambda+0x00000299014231b0.create()Ljava/lang/Object;+16
j  org.gradle.internal.work.DefaultSynchronizer.withLock(Lorg/gradle/internal/Factory;)Ljava/lang/Object;+6
j  org.gradle.internal.model.StateTransitionController.transition(Lorg/gradle/internal/model/StateTransitionController$State;Lorg/gradle/internal/model/StateTransitionController$State;Ljava/util/function/Supplier;)Ljava/lang/Object;+13
j  org.gradle.internal.buildtree.DefaultBuildTreeLifecycleController.runBuild(Ljava/util/function/Supplier;)Ljava/lang/Object;+17
j  org.gradle.internal.buildtree.DefaultBuildTreeLifecycleController.scheduleAndRunTasks(Lorg/gradle/execution/EntryTaskSelector;)V+8
j  org.gradle.internal.buildtree.DefaultBuildTreeLifecycleController.scheduleAndRunTasks()V+2
j  org.gradle.tooling.internal.provider.runner.BuildModelActionRunner.run(Lorg/gradle/internal/invocation/BuildAction;Lorg/gradle/internal/buildtree/BuildTreeLifecycleController;)Lorg/gradle/internal/buildtree/BuildActionRunner$Result;+65
j  org.gradle.launcher.exec.ChainingBuildActionRunner.run(Lorg/gradle/internal/invocation/BuildAction;Lorg/gradle/internal/buildtree/BuildTreeLifecycleController;)Lorg/gradle/internal/buildtree/BuildActionRunner$Result;+34
j  org.gradle.internal.buildtree.ProblemReportingBuildActionRunner.run(Lorg/gradle/internal/invocation/BuildAction;Lorg/gradle/internal/buildtree/BuildTreeLifecycleController;)Lorg/gradle/internal/buildtree/BuildActionRunner$Result;+12
j  org.gradle.launcher.exec.BuildOutcomeReportingBuildActionRunner.run(Lorg/gradle/internal/invocation/BuildAction;Lorg/gradle/internal/buildtree/BuildTreeLifecycleController;)Lorg/gradle/internal/buildtree/BuildActionRunner$Result;+69
j  org.gradle.tooling.internal.provider.FileSystemWatchingBuildActionRunner.run(Lorg/gradle/internal/invocation/BuildAction;Lorg/gradle/internal/buildtree/BuildTreeLifecycleController;)Lorg/gradle/internal/buildtree/BuildActionRunner$Result;+317
j  org.gradle.launcher.exec.BuildCompletionNotifyingBuildActionRunner.run(Lorg/gradle/internal/invocation/BuildAction;Lorg/gradle/internal/buildtree/BuildTreeLifecycleController;)Lorg/gradle/internal/buildtree/BuildActionRunner$Result;+6
j  org.gradle.launcher.exec.RootBuildLifecycleBuildActionExecutor.lambda$execute$0(Lorg/gradle/internal/invocation/BuildAction;Lorg/gradle/internal/buildtree/BuildTreeLifecycleController;)Lorg/gradle/internal/buildtree/BuildActionRunner$Result;+6
j  org.gradle.launcher.exec.RootBuildLifecycleBuildActionExecutor$$Lambda+0x000002990140cb48.apply(Ljava/lang/Object;)Ljava/lang/Object;+12
j  org.gradle.composite.internal.DefaultRootBuildState.run(Ljava/util/function/Function;)Ljava/lang/Object;+87
j  org.gradle.launcher.exec.RootBuildLifecycleBuildActionExecutor.execute(Lorg/gradle/internal/invocation/BuildAction;Lorg/gradle/internal/buildtree/BuildTreeContext;)Lorg/gradle/internal/buildtree/BuildActionRunner$Result;+75
j  org.gradle.internal.buildtree.InitDeprecationLoggingActionExecutor.execute(Lorg/gradle/internal/invocation/BuildAction;Lorg/gradle/internal/buildtree/BuildTreeContext;)Lorg/gradle/internal/buildtree/BuildActionRunner$Result;+83
j  org.gradle.internal.buildtree.InitProblems.execute(Lorg/gradle/internal/invocation/BuildAction;Lorg/gradle/internal/buildtree/BuildTreeContext;)Lorg/gradle/internal/buildtree/BuildActionRunner$Result;+13
j  org.gradle.internal.buildtree.DefaultBuildTreeContext.execute(Lorg/gradle/internal/invocation/BuildAction;)Lorg/gradle/internal/buildtree/BuildActionRunner$Result;+64
j  org.gradle.launcher.exec.BuildTreeLifecycleBuildActionExecutor.lambda$execute$0(Lorg/gradle/internal/invocation/BuildAction;Lorg/gradle/internal/buildtree/BuildTreeContext;)Lorg/gradle/internal/buildtree/BuildActionRunner$Result;+2
j  org.gradle.launcher.exec.BuildTreeLifecycleBuildActionExecutor$$Lambda+0x00000299012b60e8.apply(Ljava/lang/Object;)Ljava/lang/Object;+8
j  org.gradle.internal.buildtree.BuildTreeState.run(Ljava/util/function/Function;)Ljava/lang/Object;+47
j  org.gradle.launcher.exec.BuildTreeLifecycleBuildActionExecutor.execute(Lorg/gradle/internal/invocation/BuildAction;Lorg/gradle/internal/session/BuildSessionContext;)Lorg/gradle/internal/buildtree/BuildActionRunner$Result;+74
j  org.gradle.launcher.exec.RunAsBuildOperationBuildActionExecutor$2.call(Lorg/gradle/internal/operations/BuildOperationContext;)Lorg/gradle/internal/buildtree/BuildActionRunner$Result;+25
j  org.gradle.launcher.exec.RunAsBuildOperationBuildActionExecutor$2.call(Lorg/gradle/internal/operations/BuildOperationContext;)Ljava/lang/Object;+2
j  org.gradle.internal.operations.DefaultBuildOperationRunner$CallableBuildOperationWorker.execute(Lorg/gradle/internal/operations/CallableBuildOperation;Lorg/gradle/internal/operations/BuildOperationContext;)V+3
j  org.gradle.internal.operations.DefaultBuildOperationRunner$CallableBuildOperationWorker.execute(Lorg/gradle/internal/operations/BuildOperation;Lorg/gradle/internal/operations/BuildOperationContext;)V+6
j  org.gradle.internal.operations.DefaultBuildOperationRunner$2.execute(Lorg/gradle/internal/operations/BuildOperationDescriptor;Lorg/gradle/internal/operations/BuildOperationState;Lorg/gradle/internal/operations/BuildOperationState;Lorg/gradle/internal/operations/DefaultBuildOperationRunner$ReadableBuildOperationContext;Lorg/gradle/internal/operations/DefaultBuildOperationRunner$BuildOperationExecutionListener;)Lorg/gradle/internal/operations/BuildOperation;+22
j  org.gradle.internal.operations.DefaultBuildOperationRunner$2.execute(Lorg/gradle/internal/operations/BuildOperationDescriptor;Lorg/gradle/internal/operations/BuildOperationState;Lorg/gradle/internal/operations/BuildOperationState;Lorg/gradle/internal/operations/DefaultBuildOperationRunner$ReadableBuildOperationContext;Lorg/gradle/internal/operations/DefaultBuildOperationRunner$BuildOperationExecutionListener;)Ljava/lang/Object;+8
j  org.gradle.internal.operations.DefaultBuildOperationRunner.execute(Lorg/gradle/internal/operations/BuildOperationDescriptor$Builder;Lorg/gradle/internal/operations/BuildOperationState;Lorg/gradle/internal/operations/DefaultBuildOperationRunner$BuildOperationExecution;)Ljava/lang/Object;+141
j  org.gradle.internal.operations.DefaultBuildOperationRunner.execute(Lorg/gradle/internal/operations/BuildOperation;Lorg/gradle/internal/operations/BuildOperationWorker;Lorg/gradle/internal/operations/BuildOperationState;)V+18
j  org.gradle.internal.operations.DefaultBuildOperationRunner.call(Lorg/gradle/internal/operations/CallableBuildOperation;)Ljava/lang/Object;+16
j  org.gradle.launcher.exec.RunAsBuildOperationBuildActionExecutor.execute(Lorg/gradle/internal/invocation/BuildAction;Lorg/gradle/internal/session/BuildSessionContext;)Lorg/gradle/internal/buildtree/BuildActionRunner$Result;+23
j  org.gradle.launcher.exec.RunAsWorkerThreadBuildActionExecutor.lambda$execute$0(Lorg/gradle/internal/invocation/BuildAction;Lorg/gradle/internal/session/BuildSessionContext;)Lorg/gradle/internal/buildtree/BuildActionRunner$Result;+6
j  org.gradle.launcher.exec.RunAsWorkerThreadBuildActionExecutor$$Lambda+0x0000029901285c00.create()Ljava/lang/Object;+12
j  org.gradle.internal.work.DefaultWorkerLeaseService.withLocks(Ljava/util/Collection;Lorg/gradle/internal/Factory;)Ljava/lang/Object;+28
j  org.gradle.internal.work.DefaultWorkerLeaseService.runAsWorkerThread(Lorg/gradle/internal/Factory;)Ljava/lang/Object;+33
j  org.gradle.launcher.exec.RunAsWorkerThreadBuildActionExecutor.execute(Lorg/gradle/internal/invocation/BuildAction;Lorg/gradle/internal/session/BuildSessionContext;)Lorg/gradle/internal/buildtree/BuildActionRunner$Result;+12
j  org.gradle.tooling.internal.provider.continuous.ContinuousBuildActionExecutor.execute(Lorg/gradle/internal/invocation/BuildAction;Lorg/gradle/internal/session/BuildSessionContext;)Lorg/gradle/internal/buildtree/BuildActionRunner$Result;+58
j  org.gradle.tooling.internal.provider.SubscribableBuildActionExecutor.execute(Lorg/gradle/internal/invocation/BuildAction;Lorg/gradle/internal/session/BuildSessionContext;)Lorg/gradle/internal/buildtree/BuildActionRunner$Result;+30
j  org.gradle.internal.session.DefaultBuildSessionContext.execute(Lorg/gradle/internal/invocation/BuildAction;)Lorg/gradle/internal/buildtree/BuildActionRunner$Result;+64
j  org.gradle.internal.buildprocess.execution.BuildSessionLifecycleBuildActionExecutor$ActionImpl.apply(Lorg/gradle/internal/session/BuildSessionContext;)Lorg/gradle/launcher/exec/BuildActionResult;+6
j  org.gradle.internal.buildprocess.execution.BuildSessionLifecycleBuildActionExecutor$ActionImpl.apply(Ljava/lang/Object;)Ljava/lang/Object;+5
j  org.gradle.internal.session.BuildSessionState.run(Ljava/util/function/Function;)Ljava/lang/Object;+5
j  org.gradle.internal.buildprocess.execution.BuildSessionLifecycleBuildActionExecutor.execute(Lorg/gradle/internal/invocation/BuildAction;Lorg/gradle/launcher/exec/BuildActionParameters;Lorg/gradle/initialization/BuildRequestContext;)Lorg/gradle/launcher/exec/BuildActionResult;+95
j  org.gradle.internal.buildprocess.execution.BuildSessionLifecycleBuildActionExecutor.execute(Lorg/gradle/internal/invocation/BuildAction;Ljava/lang/Object;Ljava/lang/Object;)Lorg/gradle/launcher/exec/BuildActionResult;+10
j  org.gradle.internal.buildprocess.execution.StartParamsValidatingActionExecutor.execute(Lorg/gradle/internal/invocation/BuildAction;Lorg/gradle/launcher/exec/BuildActionParameters;Lorg/gradle/initialization/BuildRequestContext;)Lorg/gradle/launcher/exec/BuildActionResult;+203
j  org.gradle.internal.buildprocess.execution.StartParamsValidatingActionExecutor.execute(Lorg/gradle/internal/invocation/BuildAction;Ljava/lang/Object;Ljava/lang/Object;)Lorg/gradle/launcher/exec/BuildActionResult;+10
j  org.gradle.internal.buildprocess.execution.SessionFailureReportingActionExecutor.execute(Lorg/gradle/internal/invocation/BuildAction;Lorg/gradle/launcher/exec/BuildActionParameters;Lorg/gradle/initialization/BuildRequestContext;)Lorg/gradle/launcher/exec/BuildActionResult;+7
j  org.gradle.internal.buildprocess.execution.SessionFailureReportingActionExecutor.execute(Lorg/gradle/internal/invocation/BuildAction;Ljava/lang/Object;Ljava/lang/Object;)Lorg/gradle/launcher/exec/BuildActionResult;+10
j  org.gradle.internal.buildprocess.execution.SetupLoggingActionExecutor.execute(Lorg/gradle/internal/invocation/BuildAction;Lorg/gradle/launcher/exec/BuildActionParameters;Lorg/gradle/initialization/BuildRequestContext;)Lorg/gradle/launcher/exec/BuildActionResult;+50
j  org.gradle.internal.buildprocess.execution.SetupLoggingActionExecutor.execute(Lorg/gradle/internal/invocation/BuildAction;Ljava/lang/Object;Ljava/lang/Object;)Lorg/gradle/launcher/exec/BuildActionResult;+10
j  org.gradle.launcher.daemon.server.exec.ExecuteBuild.doBuild(Lorg/gradle/launcher/daemon/server/api/DaemonCommandExecution;Lorg/gradle/launcher/daemon/protocol/Build;)V+147
j  org.gradle.launcher.daemon.server.exec.BuildCommandOnly.execute(Lorg/gradle/launcher/daemon/server/api/DaemonCommandExecution;)V+49
j  org.gradle.launcher.daemon.server.api.DaemonCommandExecution.proceed()Z+23
j  org.gradle.launcher.daemon.server.exec.WatchForDisconnection.execute(Lorg/gradle/launcher/daemon/server/api/DaemonCommandExecution;)V+19
j  org.gradle.launcher.daemon.server.api.DaemonCommandExecution.proceed()Z+23
j  org.gradle.launcher.daemon.server.exec.ResetDeprecationLogger.execute(Lorg/gradle/launcher/daemon/server/api/DaemonCommandExecution;)V+7
j  org.gradle.launcher.daemon.server.api.DaemonCommandExecution.proceed()Z+23
j  org.gradle.launcher.daemon.server.exec.RequestStopIfSingleUsedDaemon.execute(Lorg/gradle/launcher/daemon/server/api/DaemonCommandExecution;)V+33
j  org.gradle.launcher.daemon.server.api.DaemonCommandExecution.proceed()Z+23
j  org.gradle.launcher.daemon.server.exec.ForwardClientInput.lambda$execute$0(Lorg/gradle/launcher/daemon/server/api/DaemonCommandExecution;Lorg/gradle/internal/daemon/clientinput/StdinHandler;)Ljava/lang/Object;+11
j  org.gradle.launcher.daemon.server.exec.ForwardClientInput$$Lambda+0x000002990118f470.apply(Ljava/lang/Object;)Ljava/lang/Object;+8
j  org.gradle.internal.daemon.clientinput.ClientInputForwarder.forwardInput(Ljava/util/function/Function;)Ljava/lang/Object;+46
j  org.gradle.launcher.daemon.server.exec.ForwardClientInput.execute(Lorg/gradle/launcher/daemon/server/api/DaemonCommandExecution;)V+10
j  org.gradle.launcher.daemon.server.api.DaemonCommandExecution.proceed()Z+23
j  org.gradle.launcher.daemon.server.exec.LogAndCheckHealth.execute(Lorg/gradle/launcher/daemon/server/api/DaemonCommandExecution;)V+51
j  org.gradle.launcher.daemon.server.api.DaemonCommandExecution.proceed()Z+23
j  org.gradle.launcher.daemon.server.exec.LogToClient.doBuild(Lorg/gradle/launcher/daemon/server/api/DaemonCommandExecution;Lorg/gradle/launcher/daemon/protocol/Build;)V+87
j  org.gradle.launcher.daemon.server.exec.BuildCommandOnly.execute(Lorg/gradle/launcher/daemon/server/api/DaemonCommandExecution;)V+49
j  org.gradle.launcher.daemon.server.api.DaemonCommandExecution.proceed()Z+23
j  org.gradle.launcher.daemon.server.exec.EstablishBuildEnvironment.doBuild(Lorg/gradle/launcher/daemon/server/api/DaemonCommandExecution;Lorg/gradle/launcher/daemon/protocol/Build;)V+356
j  org.gradle.launcher.daemon.server.exec.BuildCommandOnly.execute(Lorg/gradle/launcher/daemon/server/api/DaemonCommandExecution;)V+49
j  org.gradle.launcher.daemon.server.api.DaemonCommandExecution.proceed()Z+23
j  org.gradle.launcher.daemon.server.exec.StartBuildOrRespondWithBusy$1.run()V+44
j  org.gradle.launcher.daemon.server.DaemonStateCoordinator.lambda$runCommand$0(Ljava/lang/Runnable;)V+1
j  org.gradle.launcher.daemon.server.DaemonStateCoordinator$$Lambda+0x000002990118e000.run()V+8
j  org.gradle.internal.concurrent.ExecutorPolicy$CatchAndRecordFailures.onExecute(Ljava/lang/Runnable;)V+1
j  org.gradle.internal.concurrent.AbstractManagedExecutor$1.run()V+25
j  java.util.concurrent.ThreadPoolExecutor.runWorker(Ljava/util/concurrent/ThreadPoolExecutor$Worker;)V+92 java.base@21.0.12.1
j  java.util.concurrent.ThreadPoolExecutor$Worker.run()V+5 java.base@21.0.12.1
j  java.lang.Thread.runWith(Ljava/lang/Object;Ljava/lang/Runnable;)V+5 java.base@21.0.12.1
j  java.lang.Thread.run()V+19 java.base@21.0.12.1
v  ~StubRoutines::call_stub 0x000002995e79100d
method entry point (kind = zerolocals)  [0x000002995e79ba40, 0x000002995e79be08]  968 bytes
[MachCode]
  0x000002995e79ba40: 488b 5308 | 0fb7 4a2e | 0fb7 522c | 2bd1 81fa | f501 0000 | 0f86 2500 | 0000 488b | c248 c1e0 
  0x000002995e79ba60: 0348 83c0 | 5849 0387 | d004 0000 | 483b e00f | 870a 0000 | 0058 498b | e550 e901 | acff ff58 
  0x000002995e79ba80: 4c8d 74cc | f885 d20f | 8e09 0000 | 0068 0000 | 0000 ffca | 7ff7 5055 | 488b ec41 | 5568 0000 
  0x000002995e79baa0: 0000 4c8b | 6b08 4d8d | 6d38 5348 | 8b53 0848 | 8b52 0848 | 8b52 1848 | 8b52 7048 | 8b12 5248 
  0x000002995e79bac0: 8b53 1048 | 85d2 0f84 | 0700 0000 | 4881 c208 | 0100 0052 | 488b 5308 | 488b 5208 | 488b 5210 
  0x000002995e79bae0: 5249 8bc6 | 482b c548 | c1e8 0350 | 4155 6800 | 0000 0048 | 8924 2441 | c687 7904 | 0000 0148 
  0x000002995e79bb00: 8b45 d848 | 85c0 0f84 | 9100 0000 | 8b48 fc85 | c90f 8886 | 0000 0048 | 03c1 488b | 4808 4883 
  0x000002995e79bb20: e902 488b | 54c8 1048 | f7da 498b | 14d6 4885 | d275 10f6 | 44c8 1801 | 755d f048 | 834c c818 
  0x000002995e79bb40: 01eb 548b | 5208 49ba | 0000 0000 | 9902 0000 | 4903 d24c | 8bd2 4833 | 54c8 1848 | f7c2 fcff 
  0x000002995e79bb60: ffff 7433 | f6c2 0275 | 2e48 837c | c818 0074 | 2148 837c | c818 0174 | 1949 8bd2 | 4833 54c8 
  0x000002995e79bb80: 1848 f7c2 | fcff ffff | 740d 4883 | 4cc8 1802 | eb05 4889 | 54c8 1848 | 83e9 0279 | 8548 8b43 
  0x000002995e79bba0: 1048 85c0 | 7420 8b88 | cc00 0000 | 83c1 0289 | 88cc 0000 | 0023 88e0 | 0000 000f | 8496 0100 
  0x000002995e79bbc0: 00e9 cf00 | 0000 488b | 4318 4885 | c00f 85b0 | 0000 00e8 | 0500 0000 | e999 0000 | 0048 8bd3 
  0x000002995e79bbe0: 488d 4424 | 084c 896d | c049 8bcf | c5f8 7749 | 89af b003 | 0000 4989 | 87a0 0300 | 0048 83ec 
  0x000002995e79bc00: 2040 f6c4 | 0f0f 8419 | 0000 0048 | 83ec 0848 | b8c0 db35 | a4fe 7f00 | 00ff d048 | 83c4 08e9 
  0x000002995e79bc20: 0c00 0000 | 48b8 c0db | 35a4 fe7f | 0000 ffd0 | 4883 c420 | 49c7 87a0 | 0300 0000 | 0000 0049 
  0x000002995e79bc40: c787 b003 | 0000 0000 | 0000 49c7 | 87a8 0300 | 0000 0000 | 00c5 f877 | 4983 7f08 | 000f 8405 
  0x000002995e79bc60: 0000 00e9 | 9852 ffff | 4c8b 6dc0 | 4c8b 75c8 | 4e8d 74f5 | 00c3 488b | 4318 4885 | c00f 8412 
  0x000002995e79bc80: 0000 008b | 4808 83c1 | 0289 4808 | 2348 1c0f | 84c2 0000 | 0049 3ba7 | e804 0000 | 0f87 4800 
  0x000002995e79bca0: 0000 8984 | 2400 f0ff | ff89 8424 | 00e0 ffff | 8984 2400 | d0ff ff89 | 8424 00c0 | ffff 8984 
  0x000002995e79bcc0: 2400 b0ff | ff89 8424 | 00a0 ffff | 8984 2400 | 90ff ff89 | 8424 0080 | ffff 493b | a7e0 0400 
  0x000002995e79bce0: 0076 0749 | 89a7 e804 | 0000 41c6 | 8779 0400 | 0000 49ba | 066d c2a4 | fe7f 0000 | 4180 3a00 
  0x000002995e79bd00: 0f84 3e00 | 0000 488b | 55e8 498b | cf48 83ec | 2040 f6c4 | 0f0f 8419 | 0000 0048 | 83ec 0848 
  0x000002995e79bd20: b8e0 ea6b | a4fe 7f00 | 00ff d048 | 83c4 08e9 | 0c00 0000 | 48b8 e0ea | 6ba4 fe7f | 0000 ffd0 
  0x000002995e79bd40: 4883 c420 | 410f b65d | 0049 ba50 | 3dc5 a4fe | 7f00 0041 | ff24 daba | 0000 0000 | e805 0000 
  0x000002995e79bd60: 00e9 9600 | 0000 488d | 4424 084c | 896d c049 | 8bcf c5f8 | 7749 89af | b003 0000 | 4989 87a0 
  0x000002995e79bd80: 0300 0048 | 83ec 2040 | f6c4 0f0f | 8419 0000 | 0048 83ec | 0848 b880 | e635 a4fe | 7f00 00ff 
  0x000002995e79bda0: d048 83c4 | 08e9 0c00 | 0000 48b8 | 80e6 35a4 | fe7f 0000 | ffd0 4883 | c420 49c7 | 87a0 0300 
  0x000002995e79bdc0: 0000 0000 | 0049 c787 | b003 0000 | 0000 0000 | 49c7 87a8 | 0300 0000 | 0000 00c5 | f877 4983 
  0x000002995e79bde0: 7f08 000f | 8405 0000 | 00e9 1251 | ffff 4c8b | 6dc0 4c8b | 75c8 4e8d | 74f5 00c3 | 488b 5de8 
  0x000002995e79be00: e990 feff | ff66 6690 
[/MachCode]

Compiled method (c1) 90246 6914   !   3       org.gradle.internal.operations.DefaultBuildOperationRunner$2::execute (110 bytes)
 total in heap  [0x0000029957de9a10,0x0000029957dea8c8] = 3768
 relocation     [0x0000029957de9b70,0x0000029957de9c40] = 208
 main code      [0x0000029957de9c40,0x0000029957dea400] = 1984
 stub code      [0x0000029957dea400,0x0000029957dea498] = 152
 oops           [0x0000029957dea498,0x0000029957dea4a0] = 8
 metadata       [0x0000029957dea4a0,0x0000029957dea4e0] = 64
 scopes data    [0x0000029957dea4e0,0x0000029957dea648] = 360
 scopes pcs     [0x0000029957dea648,0x0000029957dea768] = 288
 dependencies   [0x0000029957dea768,0x0000029957dea778] = 16
 handler table  [0x0000029957dea778,0x0000029957dea898] = 288
 nul chk table  [0x0000029957dea898,0x0000029957dea8c8] = 48

[Constant Pool (empty)]

[MachCode]
[Entry Point]
  # {method} {0x000002996ce67750} 'execute' '(Lorg/gradle/internal/operations/BuildOperationDescriptor;Lorg/gradle/internal/operations/BuildOperationState;Lorg/gradle/internal/operations/BuildOperationState;Lorg/gradle/internal/operations/DefaultBuildOperationRunner$ReadableBuildOperationContext;Lorg/gradle/internal/operations/DefaultBuildOperationRunner$BuildOperationExecutionListener;)Lorg/gradle/internal/operations/BuildOperation;' in 'org/gradle/internal/operations/DefaultBuildOperationRunner$2'
  # this:     rdx:rdx   = 'org/gradle/internal/operations/DefaultBuildOperationRunner$2'
  # parm0:    r8:r8     = 'org/gradle/internal/operations/BuildOperationDescriptor'
  # parm1:    r9:r9     = 'org/gradle/internal/operations/BuildOperationState'
  # parm2:    rdi:rdi   = 'org/gradle/internal/operations/BuildOperationState'
  # parm3:    rsi:rsi   = 'org/gradle/internal/operations/DefaultBuildOperationRunner$ReadableBuildOperationContext'
  # parm4:    rcx:rcx   = 'org/gradle/internal/operations/DefaultBuildOperationRunner$BuildOperationExecutionListener'
  #           [sp+0xb0]  (sp of caller)
  0x0000029957de9c40: 448b 5208 | 49bb 0000 | 0000 9902 | 0000 4d03 | d34c 3bd0 

  0x0000029957de9c54: ;   {runtime_call ic_miss_stub}
  0x0000029957de9c54: 0f85 264b | 9f06 660f | 1f44 0000 
[Verified Entry Point]
  0x0000029957de9c60: 8984 2400 | 80ff ff55 | 4881 eca0 | 0000 0090 | 4181 7f20 | 0b00 0000 

  0x0000029957de9c78: ;   {runtime_call StubRoutines (final stubs)}
  0x0000029957de9c78: 7405 e821 | c89d 0648 | 8954 2448 

  0x0000029957de9c84: ;   {metadata(method data for {method} {0x000002996ce67750} 'execute' '(Lorg/gradle/internal/operations/BuildOperationDescriptor;Lorg/gradle/internal/operations/BuildOperationState;Lorg/gradle/internal/operations/BuildOperationState;Lorg/gradle/internal/operations/DefaultBuildOperationRunner$ReadableBuildOperationContext;Lorg/gradle/internal/operations/DefaultBuildOperationRunner$BuildOperationExecutionListener;)Lorg/gradle/internal/operations/BuildOperation;' in 'org/gradle/internal/operations/DefaultBuildOperationRunner$2')}
  0x0000029957de9c84: 48bb 8831 | 166f 9902 | 0000 8b83 | cc00 0000 | 83c0 0289 | 83cc 0000 | 0025 fe07 | 0000 85c0 
  0x0000029957de9ca4: 0f84 4f06 | 0000 4889 | 7424 5048 | 897c 2470 

  0x0000029957de9cb4: ; implicit exception: dispatches to 0x0000029957dea31a
  0x0000029957de9cb4: 483b 0148 

  0x0000029957de9cb8: ;   {metadata(method data for {method} {0x000002996ce67750} 'execute' '(Lorg/gradle/internal/operations/BuildOperationDescriptor;Lorg/gradle/internal/operations/BuildOperationState;Lorg/gradle/internal/operations/BuildOperationState;Lorg/gradle/internal/operations/DefaultBuildOperationRunner$ReadableBuildOperationContext;Lorg/gradle/internal/operations/DefaultBuildOperationRunner$BuildOperationExecutionListener;)Lorg/gradle/internal/operations/BuildOperation;' in 'org/gradle/internal/operations/DefaultBuildOperationRunner$2')}
  0x0000029957de9cb8: 8bd9 48b8 | 8831 166f | 9902 0000 | 8b5b 0849 | ba00 0000 | 0099 0200 | 0049 03da | 483b 9820 
  0x0000029957de9cd8: 0100 0075 | 0d48 8380 | 2801 0000 | 01e9 6000 | 0000 483b | 9830 0100 | 0075 0d48 | 8380 3801 
  0x0000029957de9cf8: 0000 01e9 | 4a00 0000 | 4883 b820 | 0100 0000 | 7517 4889 | 9820 0100 | 0048 c780 | 2801 0000 
  0x0000029957de9d18: 0100 0000 | e929 0000 | 0048 83b8 | 3001 0000 | 0075 1748 | 8998 3001 | 0000 48c7 | 8038 0100 
  0x0000029957de9d38: 0001 0000 | 00e9 0800 | 0000 4883 | 8010 0100 | 0001 498b | d84c 8bc3 | 498b c14c | 8bc8 488b 
  0x0000029957de9d58: d148 8944 | 2468 4889 | 5c24 6048 | 894c 2458 | 0f1f 4400 | 0048 b800 | c028 0199 

  0x0000029957de9d74: ;   {virtual_call}
  0x0000029957de9d74: 0200 00e8 

  0x0000029957de9d78: ; ImmutableOopMap {[72]=Oop [80]=Oop [88]=Oop [96]=Oop [104]=Oop [112]=Oop }
                      ;*invokeinterface start {reexecute=0 rethrow=0 return_oop=0}
                      ; - org.gradle.internal.operations.DefaultBuildOperationRunner$2::execute@4 (line 64)
  0x0000029957de9d78: 84a5 1100 

  0x0000029957de9d7c: ;   {other}
  0x0000029957de9d7c: 0f1f 8400 | 6c03 0000 | 488b 5424 | 488b 720c | 448b 4210 

  0x0000029957de9d90: ; implicit exception: dispatches to 0x0000029957dea31f
  0x0000029957de9d90: 483b 064c 

  0x0000029957de9d94: ;   {metadata(method data for {method} {0x000002996ce67750} 'execute' '(Lorg/gradle/internal/operations/BuildOperationDescriptor;Lorg/gradle/internal/operations/BuildOperationState;Lorg/gradle/internal/operations/BuildOperationState;Lorg/gradle/internal/operations/DefaultBuildOperationRunner$ReadableBuildOperationContext;Lorg/gradle/internal/operations/DefaultBuildOperationRunner$BuildOperationExecutionListener;)Lorg/gradle/internal/operations/BuildOperation;' in 'org/gradle/internal/operations/DefaultBuildOperationRunner$2')}
  0x0000029957de9d94: 8bce 48bf | 8831 166f | 9902 0000 | 458b 4908 | 49ba 0000 | 0000 9902 | 0000 4d03 | ca4c 3b8f 
  0x0000029957de9db4: 5801 0000 | 750d 4883 | 8760 0100 | 0001 e960 | 0000 004c | 3b8f 6801 | 0000 750d | 4883 8770 
  0x0000029957de9dd4: 0100 0001 | e94a 0000 | 0048 83bf | 5801 0000 | 0075 174c | 898f 5801 | 0000 48c7 | 8760 0100 
  0x0000029957de9df4: 0001 0000 | 00e9 2900 | 0000 4883 | bf68 0100 | 0000 7517 | 4c89 8f68 | 0100 0048 | c787 7001 
  0x0000029957de9e14: 0000 0100 | 0000 e908 | 0000 0048 | 8387 4801 | 0000 014c | 8b4c 2450 | 488b d666 | 0f1f 4400 
  0x0000029957de9e34: 0048 b8e0 | e16e 7499 

  0x0000029957de9e3c: ;   {virtual_call}
  0x0000029957de9e3c: 0200 00e8 

  0x0000029957de9e40: ; ImmutableOopMap {[72]=Oop [80]=Oop [88]=Oop [96]=Oop [104]=Oop [112]=Oop }
                      ;*invokeinterface execute {reexecute=0 rethrow=0 return_oop=0}
                      ; - org.gradle.internal.operations.DefaultBuildOperationRunner$2::execute@22 (line 67)
  0x0000029957de9e40: 24f5 ac06 

  0x0000029957de9e44: ;   {other}
  0x0000029957de9e44: 0f1f 8400 | 3404 0001 

  0x0000029957de9e4c: ;   {metadata(method data for {method} {0x000002996ce67750} 'execute' '(Lorg/gradle/internal/operations/BuildOperationDescriptor;Lorg/gradle/internal/operations/BuildOperationState;Lorg/gradle/internal/operations/BuildOperationState;Lorg/gradle/internal/operations/DefaultBuildOperationRunner$ReadableBuildOperationContext;Lorg/gradle/internal/operations/DefaultBuildOperationRunner$BuildOperationExecutionListener;)Lorg/gradle/internal/operations/BuildOperation;' in 'org/gradle/internal/operations/DefaultBuildOperationRunner$2')}
  0x0000029957de9e4c: 48b8 8831 | 166f 9902 | 0000 ff80 | 8001 0000 

  0x0000029957de9e5c: ;   {oop(nullptr)}
  0x0000029957de9e5c: 48bb 0000 | 0000 0000 | 0000 4889 | 5c24 7848 | 8b74 2450 | e938 0100 | 0049 8b87 | 0005 0000 
  0x0000029957de9e7c: 4d33 d24d | 8997 0005 | 0000 4d33 | d24d 8997 | 0805 0000 | 4885 f60f | 8429 0000 

  0x0000029957de9e98: ;   {metadata('org/gradle/internal/operations/DefaultBuildOperationRunner$DefaultBuildOperationContext')}
  0x0000029957de9e98: 0048 bae0 | c428 0199 | 0200 008b | 7e08 49ba | 0000 0000 | 9902 0000 | 4903 fa48 | 3b57 380f 
  0x0000029957de9eb8: 8567 0400 | 00e9 0000 | 0000 4c8b | c648 3b06 

  0x0000029957de9ec8: ;   {metadata(method data for {method} {0x000002996ce67750} 'execute' '(Lorg/gradle/internal/operations/BuildOperationDescriptor;Lorg/gradle/internal/operations/BuildOperationState;Lorg/gradle/internal/operations/BuildOperationState;Lorg/gradle/internal/operations/DefaultBuildOperationRunner$ReadableBuildOperationContext;Lorg/gradle/internal/operations/DefaultBuildOperationRunner$BuildOperationExecutionListener;)Lorg/gradle/internal/operations/BuildOperation;' in 'org/gradle/internal/operations/DefaultBuildOperationRunner$2')}
  0x0000029957de9ec8: 4c8b c649 | b988 3116 | 6f99 0200 

  0x0000029957de9ed4: ;   {metadata('org/gradle/internal/operations/DefaultBuildOperationRunner$DefaultBuildOperationContext')}
  0x0000029957de9ed4: 0049 bae0 | c428 0199 | 0200 004d | 8991 a801 | 0000 4983 | 81b0 0100 | 0001 448b | 4614 4d85 
  0x0000029957de9ef4: ;   {metadata(method data for {method} {0x000002996ce67750} 'execute' '(Lorg/gradle/internal/operations/BuildOperationDescriptor;Lorg/gradle/internal/operations/BuildOperationState;Lorg/gradle/internal/operations/BuildOperationState;Lorg/gradle/internal/operations/DefaultBuildOperationRunner$ReadableBuildOperationContext;Lorg/gradle/internal/operations/DefaultBuildOperationRunner$BuildOperationExecutionListener;)Lorg/gradle/internal/operations/BuildOperation;' in 'org/gradle/internal/operations/DefaultBuildOperationRunner$2')}
  0x0000029957de9ef4: c049 b888 | 3116 6f99 | 0200 0049 | c7c1 d001 | 0000 7507 | 49c7 c1e0 | 0100 004b | 8b3c 0848 
  0x0000029957de9f14: 8d7f 014b | 893c 080f | 8584 0000 | 0048 85f6 | 0f84 2900 

  0x0000029957de9f28: ;   {metadata('org/gradle/internal/operations/DefaultBuildOperationRunner$DefaultBuildOperationContext')}
  0x0000029957de9f28: 0000 48ba | e0c4 2801 | 9902 0000 | 8b7e 0849 | ba00 0000 | 0099 0200 | 0049 03fa | 483b 5738 
  0x0000029957de9f48: 0f85 e003 | 0000 e900 | 0000 004c | 8bc6 4c8b 

  0x0000029957de9f58: ;   {metadata(method data for {method} {0x000002996ce67750} 'execute' '(Lorg/gradle/internal/operations/BuildOperationDescriptor;Lorg/gradle/internal/operations/BuildOperationState;Lorg/gradle/internal/operations/BuildOperationState;Lorg/gradle/internal/operations/DefaultBuildOperationRunner$ReadableBuildOperationContext;Lorg/gradle/internal/operations/DefaultBuildOperationRunner$BuildOperationExecutionListener;)Lorg/gradle/internal/operations/BuildOperation;' in 'org/gradle/internal/operations/DefaultBuildOperationRunner$2')}
  0x0000029957de9f58: c649 b988 | 3116 6f99 

  0x0000029957de9f60: ;   {metadata('org/gradle/internal/operations/DefaultBuildOperationRunner$DefaultBuildOperationContext')}
  0x0000029957de9f60: 0200 0049 | bae0 c428 | 0199 0200 | 004d 8991 | 0002 0000 | 4983 8108 | 0200 0001 | 450f be47 
  0x0000029957de9f80: 4045 85c0 | 0f85 a903 | 0000 4c8b | d044 8956 | 144c 8bc6 | 4c33 c049 | c1e8 1449 | 83f8 000f 
  0x0000029957de9fa0: 85aa 0300 | 0048 8bd8 | 4889 5c24 | 7848 8b7c | 2470 488b 

  0x0000029957de9fb4: ;   {metadata(method data for {method} {0x000002996ce67750} 'execute' '(Lorg/gradle/internal/operations/BuildOperationDescriptor;Lorg/gradle/internal/operations/BuildOperationState;Lorg/gradle/internal/operations/BuildOperationState;Lorg/gradle/internal/operations/DefaultBuildOperationRunner$ReadableBuildOperationContext;Lorg/gradle/internal/operations/DefaultBuildOperationRunner$BuildOperationExecutionListener;)Lorg/gradle/internal/operations/BuildOperation;' in 'org/gradle/internal/operations/DefaultBuildOperationRunner$2')}
  0x0000029957de9fb4: 4c24 5849 | b888 3116 | 6f99 0200 | 008b 4908 | 49ba 0000 | 0000 9902 | 0000 4903 | ca49 3b88 
  0x0000029957de9fd4: 3802 0000 | 750d 4983 | 8040 0200 | 0001 e960 | 0000 0049 | 3b88 4802 | 0000 750d | 4983 8050 
  0x0000029957de9ff4: 0200 0001 | e94a 0000 | 0049 83b8 | 3802 0000 | 0075 1749 | 8988 3802 | 0000 49c7 | 8040 0200 
  0x0000029957dea014: 0001 0000 | 00e9 2900 | 0000 4983 | b848 0200 | 0000 7517 | 4989 8848 | 0200 0049 | c780 5002 
  0x0000029957dea034: 0000 0100 | 0000 e908 | 0000 0049 | 8380 2802 | 0000 014c | 8b44 2460 | 4c8b 4c24 | 6848 8b54 
  0x0000029957dea054: 2458 0f1f | 8000 0000 | 0048 b800 | c028 0199 

  0x0000029957dea064: ;   {virtual_call}
  0x0000029957dea064: 0200 00e8 

  0x0000029957dea068: ; ImmutableOopMap {[72]=Oop [88]=Oop [96]=Oop [104]=Oop [120]=Oop }
                      ;*invokeinterface stop {reexecute=0 rethrow=0 return_oop=0}
                      ; - org.gradle.internal.operations.DefaultBuildOperationRunner$2::execute@62 (line 74)
  0x0000029957dea068: 1426 0100 

  0x0000029957dea06c: ;   {other}
  0x0000029957dea06c: 0f1f 8400 | 5c06 0002 | 488b 5c24 | 7848 85db 

  0x0000029957dea07c: ;   {metadata(method data for {method} {0x000002996ce67750} 'execute' '(Lorg/gradle/internal/operations/BuildOperationDescriptor;Lorg/gradle/internal/operations/BuildOperationState;Lorg/gradle/internal/operations/BuildOperationState;Lorg/gradle/internal/operations/DefaultBuildOperationRunner$ReadableBuildOperationContext;Lorg/gradle/internal/operations/DefaultBuildOperationRunner$BuildOperationExecutionListener;)Lorg/gradle/internal/operations/BuildOperation;' in 'org/gradle/internal/operations/DefaultBuildOperationRunner$2')}
  0x0000029957dea07c: 49b8 8831 | 166f 9902 | 0000 49c7 | c170 0200 | 0075 0749 | c7c1 6002 | 0000 4b8b | 1408 488d 
  0x0000029957dea09c: 5201 4b89 | 1408 0f85 | ea00 0000 | 488b 5424 | 488b 7210 | 4889 b424 | 8000 0000 | 488b 4c24 
  0x0000029957dea0bc: ;   {metadata(method data for {method} {0x000002996ce67750} 'execute' '(Lorg/gradle/internal/operations/BuildOperationDescriptor;Lorg/gradle/internal/operations/BuildOperationState;Lorg/gradle/internal/operations/BuildOperationState;Lorg/gradle/internal/operations/DefaultBuildOperationRunner$ReadableBuildOperationContext;Lorg/gradle/internal/operations/DefaultBuildOperationRunner$BuildOperationExecutionListener;)Lorg/gradle/internal/operations/BuildOperation;' in 'org/gradle/internal/operations/DefaultBuildOperationRunner$2')}
  0x0000029957dea0bc: 5849 b888 | 3116 6f99 | 0200 008b | 4908 49ba | 0000 0000 | 9902 0000 | 4903 ca49 | 3b88 a002 
  0x0000029957dea0dc: 0000 750d | 4983 80a8 | 0200 0001 | e960 0000 | 0049 3b88 | b002 0000 | 750d 4983 | 80b8 0200 
  0x0000029957dea0fc: 0001 e94a | 0000 0049 | 83b8 a002 | 0000 0075 | 1749 8988 | a002 0000 | 49c7 80a8 | 0200 0001 
  0x0000029957dea11c: 0000 00e9 | 2900 0000 | 4983 b8b0 | 0200 0000 | 7517 4989 | 88b0 0200 | 0049 c780 | b802 0000 
  0x0000029957dea13c: 0100 0000 | e908 0000 | 0049 8380 | 9002 0000 | 014c 8b44 | 2460 4c8b | 4c24 6848 | 8b54 2458 
  0x0000029957dea15c: 9048 b800 | c028 0199 

  0x0000029957dea164: ;   {virtual_call}
  0x0000029957dea164: 0200 00e8 

  0x0000029957dea168: ; ImmutableOopMap {[128]=Oop }
                      ;*invokeinterface close {reexecute=0 rethrow=0 return_oop=0}
                      ; - org.gradle.internal.operations.DefaultBuildOperationRunner$2::execute@88 (line 80)
  0x0000029957dea168: d418 0100 

  0x0000029957dea16c: ;   {other}
  0x0000029957dea16c: 0f1f 8400 | 5c07 0003 | 488b 8424 | 8000 0000 | 4881 c4a0 | 0000 005d 

  0x0000029957dea184: ;   {poll_return}
  0x0000029957dea184: 493b a750 | 0400 000f | 87d6 0100 

  0x0000029957dea190: ;   {metadata(method data for {method} {0x000002996ce67750} 'execute' '(Lorg/gradle/internal/operations/BuildOperationDescriptor;Lorg/gradle/internal/operations/BuildOperationState;Lorg/gradle/internal/operations/BuildOperationState;Lorg/gradle/internal/operations/DefaultBuildOperationRunner$ReadableBuildOperationContext;Lorg/gradle/internal/operations/DefaultBuildOperationRunner$BuildOperationExecutionListener;)Lorg/gradle/internal/operations/BuildOperation;' in 'org/gradle/internal/operations/DefaultBuildOperationRunner$2')}
  0x0000029957dea190: 00c3 48ba | 8831 166f | 9902 0000 | 4883 8280 | 0200 0001 

  0x0000029957dea1a4: ;   {metadata(method data for {method} {0x000002996c8ea0c8} 'access$100' '(Ljava/lang/Throwable;)Ljava/lang/RuntimeException;' in 'org/gradle/internal/operations/DefaultBuildOperationRunner')}
  0x0000029957dea1a4: 48ba f034 | 166f 9902 | 0000 8bb2 | cc00 0000 | 83c6 0289 | b2cc 0000 | 0081 e6fe | ff1f 0085 
  0x0000029957dea1c4: f60f 84b2 

  0x0000029957dea1c8: ;   {metadata(method data for {method} {0x000002996c8ea0c8} 'access$100' '(Ljava/lang/Throwable;)Ljava/lang/RuntimeException;' in 'org/gradle/internal/operations/DefaultBuildOperationRunner')}
  0x0000029957dea1c8: 0100 0048 | baf0 3416 | 6f99 0200 | 0048 8382 | 1001 0000 | 0148 8bd3 | 0f1f 8000 

  0x0000029957dea1e4: ;   {static_call}
  0x0000029957dea1e4: 0000 00e8 

  0x0000029957dea1e8: ; ImmutableOopMap {[88]=Oop [96]=Oop [104]=Oop }
                      ;*invokestatic throwAsBuildOperationInvocationException {reexecute=0 rethrow=0 return_oop=0}
                      ; - org.gradle.internal.operations.DefaultBuildOperationRunner::access$100@1 (line 25)
                      ; - org.gradle.internal.operations.DefaultBuildOperationRunner$2::execute@74 (line 76)
  0x0000029957dea1e8: 944e 9f06 

  0x0000029957dea1ec: ;   {other}
  0x0000029957dea1ec: 0f1f 8400 | dc07 0004 

  0x0000029957dea1f4: ; implicit exception: dispatches to 0x0000029957dea39e
                      ; ImmutableOopMap {rax=Oop [88]=Oop [96]=Oop [104]=Oop }
                      ;*athrow {reexecute=1 rethrow=0 return_oop=0}
                      ; - (reexecute) org.gradle.internal.operations.DefaultBuildOperationRunner$2::execute@77 (line 76)
                      ;   {section_word}
  0x0000029957dea1f4: 483b 0048 | baf7 a1de | 5799 0200 

  0x0000029957dea200: ;   {runtime_call handle_exception_nofpu Runtime1 stub}
  0x0000029957dea200: 00e8 7aa9 | ac06 9049 | 8b87 0005 | 0000 4d33 | d24d 8997 | 0005 0000 | 4d33 d24d | 8997 0805 
  0x0000029957dea220: 0000 4889 | 8424 8800 | 0000 488b | 4c24 584c | 8b4c 2468 | 4c8b 4424 | 6048 3b01 

  0x0000029957dea23c: ;   {metadata(method data for {method} {0x000002996ce67750} 'execute' '(Lorg/gradle/internal/operations/BuildOperationDescriptor;Lorg/gradle/internal/operations/BuildOperationState;Lorg/gradle/internal/operations/BuildOperationState;Lorg/gradle/internal/operations/DefaultBuildOperationRunner$ReadableBuildOperationContext;Lorg/gradle/internal/operations/DefaultBuildOperationRunner$BuildOperationExecutionListener;)Lorg/gradle/internal/operations/BuildOperation;' in 'org/gradle/internal/operations/DefaultBuildOperationRunner$2')}
  0x0000029957dea23c: 488b d148 | be88 3116 | 6f99 0200 | 008b 5208 | 49ba 0000 | 0000 9902 | 0000 4903 | d248 3b96 
  0x0000029957dea25c: d802 0000 | 750d 4883 | 86e0 0200 | 0001 e960 | 0000 0048 | 3b96 e802 | 0000 750d | 4883 86f0 
  0x0000029957dea27c: 0200 0001 | e94a 0000 | 0048 83be | d802 0000 | 0075 1748 | 8996 d802 | 0000 48c7 | 86e0 0200 
  0x0000029957dea29c: 0001 0000 | 00e9 2900 | 0000 4883 | bee8 0200 | 0000 7517 | 4889 96e8 | 0200 0048 | c786 f002 
  0x0000029957dea2bc: 0000 0100 | 0000 e908 | 0000 0048 | 8386 c802 | 0000 0148 | 8bd1 6666 | 9048 b8ff | ffff ffff 
  0x0000029957dea2dc: ;   {virtual_call}
  0x0000029957dea2dc: ffff ffe8 

  0x0000029957dea2e0: ; ImmutableOopMap {[136]=Oop }
                      ;*invokeinterface close {reexecute=0 rethrow=0 return_oop=0}
                      ; - org.gradle.internal.operations.DefaultBuildOperationRunner$2::execute@102 (line 80)
  0x0000029957dea2e0: 9c4a 9f06 

  0x0000029957dea2e4: ;   {other}
  0x0000029957dea2e4: 0f1f 8400 | d408 0006 | 488b 8424 | 8800 0000 | e9f4 0000 

  0x0000029957dea2f8: ;   {metadata({method} {0x000002996ce67750} 'execute' '(Lorg/gradle/internal/operations/BuildOperationDescriptor;Lorg/gradle/internal/operations/BuildOperationState;Lorg/gradle/internal/operations/BuildOperationState;Lorg/gradle/internal/operations/DefaultBuildOperationRunner$ReadableBuildOperationContext;Lorg/gradle/internal/operations/DefaultBuildOperationRunner$BuildOperationExecutionListener;)Lorg/gradle/internal/operations/BuildOperation;' in 'org/gradle/internal/operations/DefaultBuildOperationRunner$2')}
  0x0000029957dea2f8: 0049 ba48 | 77e6 6c99 | 0200 004c | 8954 2408 | 48c7 0424 | ffff ffff 

  0x0000029957dea310: ;   {runtime_call counter_overflow Runtime1 stub}
  0x0000029957dea310: e86b e1ac 

  0x0000029957dea314: ; ImmutableOopMap {rdx=Oop r8=Oop r9=Oop rdi=Oop rsi=Oop rcx=Oop [72]=Oop }
                      ;*synchronization entry
                      ; - org.gradle.internal.operations.DefaultBuildOperationRunner$2::execute@-1 (line 64)
  0x0000029957dea314: 06e9 90f9 

  0x0000029957dea318: ;   {runtime_call throw_null_pointer_exception Runtime1 stub}
  0x0000029957dea318: ffff e861 

  0x0000029957dea31c: ; ImmutableOopMap {r8=Oop r9=Oop rcx=Oop [72]=Oop [80]=Oop [112]=Oop }
                      ;*invokeinterface start {reexecute=0 rethrow=0 return_oop=0}
                      ; - org.gradle.internal.operations.DefaultBuildOperationRunner$2::execute@4 (line 64)
                      ;   {runtime_call throw_null_pointer_exception Runtime1 stub}
  0x0000029957dea31c: 90ac 06e8 

  0x0000029957dea320: ; ImmutableOopMap {rdx=Oop rsi=Oop r8=Oop [72]=Oop [80]=Oop [88]=Oop [96]=Oop [104]=Oop [112]=Oop }
                      ;*invokeinterface execute {reexecute=0 rethrow=0 return_oop=0}
                      ; - org.gradle.internal.operations.DefaultBuildOperationRunner$2::execute@22 (line 67)
  0x0000029957dea320: 5c90 ac06 

  0x0000029957dea324: ;   {runtime_call throw_incompatible_class_change_error Runtime1 stub}
  0x0000029957dea324: e857 b7ac 

  0x0000029957dea328: ; ImmutableOopMap {rsi=Oop rax=Oop [72]=Oop [88]=Oop [96]=Oop [104]=Oop [112]=Oop }
                      ;*invokeinterface getFailure {reexecute=0 rethrow=0 return_oop=0}
                      ; - org.gradle.internal.operations.DefaultBuildOperationRunner$2::execute@34 (line 69)
                      ;   {runtime_call throw_null_pointer_exception Runtime1 stub}
  0x0000029957dea328: 06e8 5290 

  0x0000029957dea32c: ; ImmutableOopMap {rsi=Oop rax=Oop [72]=Oop [88]=Oop [96]=Oop [104]=Oop [112]=Oop }
                      ;*invokeinterface getFailure {reexecute=0 rethrow=0 return_oop=0}
                      ; - org.gradle.internal.operations.DefaultBuildOperationRunner$2::execute@34 (line 69)
                      ;   {runtime_call throw_incompatible_class_change_error Runtime1 stub}
  0x0000029957dea32c: ac06 e84d 

  0x0000029957dea330: ; ImmutableOopMap {rsi=Oop rax=Oop [72]=Oop [88]=Oop [96]=Oop [104]=Oop [112]=Oop }
                      ;*invokeinterface failed {reexecute=0 rethrow=0 return_oop=0}
                      ; - org.gradle.internal.operations.DefaultBuildOperationRunner$2::execute@46 (line 70)
  0x0000029957dea330: b7ac 0644 | 8b46 1449 | 83f8 000f | 8449 fcff | ff4c 8904 

  0x0000029957dea344: ;   {runtime_call g1_pre_barrier_slow}
  0x0000029957dea344: 24e8 36e7 | ac06 e93b | fcff ff48 | 83f8 000f | 844c fcff | ff48 8934 

  0x0000029957dea35c: ;   {runtime_call g1_post_barrier_slow}
  0x0000029957dea35c: 24e8 1eea | ac06 e93e 

  0x0000029957dea364: ;   {internal_word}
  0x0000029957dea364: fcff ff49 | ba84 a1de | 5799 0200 | 004d 8997 | 6804 0000 

  0x0000029957dea378: ;   {runtime_call SafepointBlob}
  0x0000029957dea378: e903 b19f 

  0x0000029957dea37c: ;   {metadata({method} {0x000002996c8ea0c8} 'access$100' '(Ljava/lang/Throwable;)Ljava/lang/RuntimeException;' in 'org/gradle/internal/operations/DefaultBuildOperationRunner')}
  0x0000029957dea37c: 0649 bac0 | a08e 6c99 | 0200 004c | 8954 2408 | 48c7 0424 | ffff ffff 

  0x0000029957dea394: ;   {runtime_call counter_overflow Runtime1 stub}
  0x0000029957dea394: e8e7 e0ac 

  0x0000029957dea398: ; ImmutableOopMap {rbx=Oop [88]=Oop [96]=Oop [104]=Oop }
                      ;*synchronization entry
                      ; - org.gradle.internal.operations.DefaultBuildOperationRunner::access$100@-1 (line 25)
                      ; - org.gradle.internal.operations.DefaultBuildOperationRunner$2::execute@74 (line 76)
  0x0000029957dea398: 06e9 2dfe 

  0x0000029957dea39c: ;   {runtime_call throw_null_pointer_exception Runtime1 stub}
  0x0000029957dea39c: ffff e8dd 

  0x0000029957dea3a0: ; ImmutableOopMap {rax=Oop [88]=Oop [96]=Oop [104]=Oop }
                      ;*athrow {reexecute=1 rethrow=0 return_oop=0}
                      ; - (reexecute) org.gradle.internal.operations.DefaultBuildOperationRunner$2::execute@77 (line 76)
                      ;   {runtime_call throw_null_pointer_exception Runtime1 stub}
  0x0000029957dea3a0: 8fac 06e8 

  0x0000029957dea3a4: ; ImmutableOopMap {rcx=Oop r9=Oop r8=Oop [136]=Oop }
                      ;*invokeinterface close {reexecute=0 rethrow=0 return_oop=0}
                      ; - org.gradle.internal.operations.DefaultBuildOperationRunner$2::execute@102 (line 80)
  0x0000029957dea3a4: d88f ac06 | 488b 7424 | 50e9 c3fa | ffff 4889 | 4c24 584c | 894c 2468 | 4c89 4424 | 60e9 41fe 
  0x0000029957dea3c4: ffff 488b | 7424 50e9 | a5fa ffff | 498b 8700 | 0500 0049 | c787 0005 | 0000 0000 | 0000 49c7 
  0x0000029957dea3e4: 8708 0500 | 0000 0000 | 0048 81c4 | a000 0000 

  0x0000029957dea3f4: ;   {runtime_call unwind_exception Runtime1 stub}
  0x0000029957dea3f4: 5de9 8680 | ac06 f4f4 | f4f4 f4f4 
[Stub Code]
  0x0000029957dea400: ;   {no_reloc}
  0x0000029957dea400: 0f1f 4400 

  0x0000029957dea404: ;   {static_stub}
  0x0000029957dea404: 0048 bb00 | 0000 0000 

  0x0000029957dea40c: ;   {runtime_call nmethod}
  0x0000029957dea40c: 0000 00e9 | fbff ffff 

  0x0000029957dea414: ;   {static_stub}
  0x0000029957dea414: 9048 bb00 | 0000 0000 

  0x0000029957dea41c: ;   {runtime_call nmethod}
  0x0000029957dea41c: 0000 00e9 | fbff ffff 

  0x0000029957dea424: ;   {static_stub}
  0x0000029957dea424: 9048 bb00 | 0000 0000 

  0x0000029957dea42c: ;   {runtime_call nmethod}
  0x0000029957dea42c: 0000 00e9 | fbff ffff 

  0x0000029957dea434: ;   {static_stub}
  0x0000029957dea434: 9048 bb00 | 0000 0000 

  0x0000029957dea43c: ;   {runtime_call nmethod}
  0x0000029957dea43c: 0000 00e9 | fbff ffff 

  0x0000029957dea444: ;   {static_stub}
  0x0000029957dea444: 9048 bb00 | 0000 0000 

  0x0000029957dea44c: ;   {runtime_call nmethod}
  0x0000029957dea44c: 0000 00e9 | fbff ffff 

  0x0000029957dea454: ;   {static_stub}
  0x0000029957dea454: 48bb 0000 | 0000 0000 

  0x0000029957dea45c: ;   {runtime_call nmethod}
  0x0000029957dea45c: 0000 e9fb 

  0x0000029957dea460: ;   {runtime_call handle_exception_from_callee Runtime1 stub}
  0x0000029957dea460: ffff ffe8 | 18ad ac06 

  0x0000029957dea468: ;   {external_word}
  0x0000029957dea468: 48b9 5063 | 98a4 fe7f | 0000 4883 

  0x0000029957dea474: ;   {runtime_call}
  0x0000029957dea474: e4f0 48b8 | c0c9 5aa4 | fe7f 0000 

  0x0000029957dea480: ;   {section_word}
  0x0000029957dea480: ffd0 f449 | ba83 a4de | 5799 0200 

  0x0000029957dea48c: ;   {runtime_call DeoptimizationBlob}
  0x0000029957dea48c: 0041 52e9 | 8ca2 9f06 | f4f4 f4f4 
[/MachCode]


Compiled method (c1) 90349 7123       3       org.gradle.internal.operations.DefaultBuildOperationRunner$2::execute (12 bytes)
 total in heap  [0x0000029957e4bc90,0x0000029957e4c010] = 896
 relocation     [0x0000029957e4bdf0,0x0000029957e4be30] = 64
 main code      [0x0000029957e4be40,0x0000029957e4bf38] = 248
 stub code      [0x0000029957e4bf38,0x0000029957e4bf80] = 72
 oops           [0x0000029957e4bf80,0x0000029957e4bf88] = 8
 metadata       [0x0000029957e4bf88,0x0000029957e4bf98] = 16
 scopes data    [0x0000029957e4bf98,0x0000029957e4bfc8] = 48
 scopes pcs     [0x0000029957e4bfc8,0x0000029957e4c008] = 64
 dependencies   [0x0000029957e4c008,0x0000029957e4c010] = 8

[Constant Pool (empty)]

[MachCode]
[Entry Point]
  # {method} {0x000002996ce67870} 'execute' '(Lorg/gradle/internal/operations/BuildOperationDescriptor;Lorg/gradle/internal/operations/BuildOperationState;Lorg/gradle/internal/operations/BuildOperationState;Lorg/gradle/internal/operations/DefaultBuildOperationRunner$ReadableBuildOperationContext;Lorg/gradle/internal/operations/DefaultBuildOperationRunner$BuildOperationExecutionListener;)Ljava/lang/Object;' in 'org/gradle/internal/operations/DefaultBuildOperationRunner$2'
  # this:     rdx:rdx   = 'org/gradle/internal/operations/DefaultBuildOperationRunner$2'
  # parm0:    r8:r8     = 'org/gradle/internal/operations/BuildOperationDescriptor'
  # parm1:    r9:r9     = 'org/gradle/internal/operations/BuildOperationState'
  # parm2:    rdi:rdi   = 'org/gradle/internal/operations/BuildOperationState'
  # parm3:    rsi:rsi   = 'org/gradle/internal/operations/DefaultBuildOperationRunner$ReadableBuildOperationContext'
  # parm4:    rcx:rcx   = 'org/gradle/internal/operations/DefaultBuildOperationRunner$BuildOperationExecutionListener'
  #           [sp+0x50]  (sp of caller)
  0x0000029957e4be40: 448b 5208 | 49bb 0000 | 0000 9902 | 0000 4d03 | d34c 3bd0 

  0x0000029957e4be54: ;   {runtime_call ic_miss_stub}
  0x0000029957e4be54: 0f85 2629 | 9906 660f | 1f44 0000 
[Verified Entry Point]
  0x0000029957e4be60: 8984 2400 | 80ff ff55 | 4883 ec40 | 4181 7f20 | 0b00 0000 

  0x0000029957e4be74: ;   {runtime_call StubRoutines (final stubs)}
  0x0000029957e4be74: 7405 e825 

  0x0000029957e4be78: ;   {metadata(method data for {method} {0x000002996ce67870} 'execute' '(Lorg/gradle/internal/operations/BuildOperationDescriptor;Lorg/gradle/internal/operations/BuildOperationState;Lorg/gradle/internal/operations/BuildOperationState;Lorg/gradle/internal/operations/DefaultBuildOperationRunner$ReadableBuildOperationContext;Lorg/gradle/internal/operations/DefaultBuildOperationRunner$BuildOperationExecutionListener;)Ljava/lang/Object;' in 'org/gradle/internal/operations/DefaultBuildOperationRunner$2')}
  0x0000029957e4be78: a697 0648 | bbb8 2c16 | 6f99 0200 | 008b 83cc | 0000 0083 | c002 8983 | cc00 0000 | 25fe 0700 
  0x0000029957e4be98: 0085 c00f | 8436 0000 | 0048 8bda 

  0x0000029957e4bea4: ;   {metadata(method data for {method} {0x000002996ce67870} 'execute' '(Lorg/gradle/internal/operations/BuildOperationDescriptor;Lorg/gradle/internal/operations/BuildOperationState;Lorg/gradle/internal/operations/BuildOperationState;Lorg/gradle/internal/operations/DefaultBuildOperationRunner$ReadableBuildOperationContext;Lorg/gradle/internal/operations/DefaultBuildOperationRunner$BuildOperationExecutionListener;)Ljava/lang/Object;' in 'org/gradle/internal/operations/DefaultBuildOperationRunner$2')}
  0x0000029957e4bea4: 48b8 b82c | 166f 9902 | 0000 4883 | 8028 0100 

  0x0000029957e4beb4: ;   {optimized virtual_call}
  0x0000029957e4beb4: 0001 90e8 

  0x0000029957e4beb8: ; ImmutableOopMap {}
                      ;*invokevirtual execute {reexecute=0 rethrow=0 return_oop=0}
                      ; - org.gradle.internal.operations.DefaultBuildOperationRunner$2::execute@8 (line 60)
  0x0000029957e4beb8: a4dd f9ff 

  0x0000029957e4bebc: ;   {other}
  0x0000029957e4bebc: 0f1f 8400 | 2c02 0000 | 4883 c440 

  0x0000029957e4bec8: ;   {poll_return}
  0x0000029957e4bec8: 5d49 3ba7 | 5004 0000 | 0f87 1f00 

  0x0000029957e4bed4: ;   {metadata({method} {0x000002996ce67870} 'execute' '(Lorg/gradle/internal/operations/BuildOperationDescriptor;Lorg/gradle/internal/operations/BuildOperationState;Lorg/gradle/internal/operations/BuildOperationState;Lorg/gradle/internal/operations/DefaultBuildOperationRunner$ReadableBuildOperationContext;Lorg/gradle/internal/operations/DefaultBuildOperationRunner$BuildOperationExecutionListener;)Ljava/lang/Object;' in 'org/gradle/internal/operations/DefaultBuildOperationRunner$2')}
  0x0000029957e4bed4: 0000 c349 | ba68 78e6 | 6c99 0200 | 004c 8954 | 2408 48c7 | 0424 ffff 

  0x0000029957e4beec: ;   {runtime_call counter_overflow Runtime1 stub}
  0x0000029957e4beec: ffff e88d 

  0x0000029957e4bef0: ; ImmutableOopMap {rdx=Oop r8=Oop r9=Oop rdi=Oop rsi=Oop rcx=Oop }
                      ;*synchronization entry
                      ; - org.gradle.internal.operations.DefaultBuildOperationRunner$2::execute@-1 (line 60)
  0x0000029957e4bef0: c5a6 06eb 

  0x0000029957e4bef4: ;   {internal_word}
  0x0000029957e4bef4: ac49 bac9 | bee4 5799 | 0200 004d | 8997 6804 

  0x0000029957e4bf04: ;   {runtime_call SafepointBlob}
  0x0000029957e4bf04: 0000 e975 | 9599 0649 | 8b87 0005 | 0000 49c7 | 8700 0500 | 0000 0000 | 0049 c787 | 0805 0000 
  0x0000029957e4bf24: 0000 0000 | 4883 c440 

  0x0000029957e4bf2c: ;   {runtime_call unwind_exception Runtime1 stub}
  0x0000029957e4bf2c: 5de9 4e65 | a606 f4f4 | f4f4 f4f4 
[Stub Code]
  0x0000029957e4bf38: ;   {no_reloc}
  0x0000029957e4bf38: 0f1f 4400 

  0x0000029957e4bf3c: ;   {static_stub}
  0x0000029957e4bf3c: 0048 bb00 | 0000 0000 

  0x0000029957e4bf44: ;   {runtime_call nmethod}
  0x0000029957e4bf44: 0000 00e9 | fbff ffff 
[Exception Handler]
  0x0000029957e4bf4c: ;   {runtime_call handle_exception_from_callee Runtime1 stub}
  0x0000029957e4bf4c: e82f 92a6 

  0x0000029957e4bf50: ;   {external_word}
  0x0000029957e4bf50: 0648 b950 | 6398 a4fe | 7f00 0048 

  0x0000029957e4bf5c: ;   {runtime_call}
  0x0000029957e4bf5c: 83e4 f048 | b8c0 c95a | a4fe 7f00 | 00ff d0f4 
[Deopt Handler Code]
  0x0000029957e4bf6c: ;   {section_word}
  0x0000029957e4bf6c: 49ba 6cbf | e457 9902 | 0000 4152 

  0x0000029957e4bf78: ;   {runtime_call DeoptimizationBlob}
  0x0000029957e4bf78: e9a3 8799 | 06f4 f4f4 
[/MachCode]


---------------  P R O C E S S  ---------------

Threads class SMR info:
_java_thread_list=0x00000299747d8c50, length=78, elements={
0x000002995405e300, 0x000002996bc11b30, 0x000002996bc133b0, 0x000002996bc18c50,
0x000002996bc1b6c0, 0x000002996bc1c120, 0x000002996bc1cb80, 0x000002996bc1d910,
0x000002996bc28150, 0x00000299701ad130, 0x0000029970207b80, 0x0000029971b2a010,
0x000002997014f3b0, 0x0000029970d36f30, 0x0000029971b95b50, 0x0000029971b96590,
0x0000029970c30c00, 0x0000029970c32cd0, 0x0000029970c32640, 0x0000029970c30570,
0x0000029970c31290, 0x0000029970c339f0, 0x0000029970c31920, 0x0000029970c31fb0,
0x0000029970c33360, 0x0000029972112c60, 0x00000299721125d0, 0x0000029972114010,
0x0000029972111f40, 0x00000299721146a0, 0x0000029972114d30, 0x00000299721153c0,
0x00000299721160e0, 0x0000029972116770, 0x00000299721132f0, 0x0000029972116e00,
0x0000029972117490, 0x0000029972119560, 0x00000299738d4cb0, 0x00000299738d4620,
0x00000299738d59d0, 0x00000299738d66f0, 0x00000299738d3f90, 0x00000299738d87c0,
0x00000299738d7aa0, 0x00000299738d6060, 0x00000299738d8130, 0x00000299738d5340,
0x00000299738d94e0, 0x00000299738d8e50, 0x00000299738d9b70, 0x00000299738da200,
0x00000299738d6d80, 0x00000299738da890, 0x00000299738daf20, 0x00000299738db5b0,
0x0000029974131060, 0x000002997412e900, 0x000002997412ef90, 0x000002997412e270,
0x000002997412f620, 0x000002997412dbe0, 0x0000029974132410, 0x00000299741309d0,
0x000002997412fcb0, 0x0000029974132aa0, 0x0000029974133130, 0x00000299741337c0,
0x00000299741316f0, 0x0000029974130340, 0x0000029974133e50, 0x0000029974131d80,
0x00000299741344e0, 0x0000029974135200, 0x0000029974134b70, 0x00000299739dc490,
0x00000299739dbe00, 0x00000299739dd840
}

Java Threads: ( => current thread )
  0x000002995405e300 JavaThread "main"                              [_thread_blocked, id=8684, stack(0x000000d0d9b00000,0x000000d0d9c00000) (1024K)]
  0x000002996bc11b30 JavaThread "Reference Handler"          daemon [_thread_blocked, id=35432, stack(0x000000d0da300000,0x000000d0da400000) (1024K)]
  0x000002996bc133b0 JavaThread "Finalizer"                  daemon [_thread_blocked, id=28864, stack(0x000000d0da400000,0x000000d0da500000) (1024K)]
  0x000002996bc18c50 JavaThread "Signal Dispatcher"          daemon [_thread_blocked, id=20216, stack(0x000000d0da500000,0x000000d0da600000) (1024K)]
  0x000002996bc1b6c0 JavaThread "Attach Listener"            daemon [_thread_blocked, id=28076, stack(0x000000d0da600000,0x000000d0da700000) (1024K)]
  0x000002996bc1c120 JavaThread "Service Thread"             daemon [_thread_blocked, id=10404, stack(0x000000d0da700000,0x000000d0da800000) (1024K)]
  0x000002996bc1cb80 JavaThread "Monitor Deflation Thread"   daemon [_thread_blocked, id=27976, stack(0x000000d0da800000,0x000000d0da900000) (1024K)]
  0x000002996bc1d910 JavaThread "C2 CompilerThread0"         daemon [_thread_blocked, id=33748, stack(0x000000d0da900000,0x000000d0daa00000) (1024K)]
  0x000002996bc28150 JavaThread "C1 CompilerThread0"         daemon [_thread_blocked, id=32584, stack(0x000000d0daa00000,0x000000d0dab00000) (1024K)]
  0x00000299701ad130 JavaThread "Common-Cleaner"             daemon [_thread_blocked, id=25148, stack(0x000000d0dab00000,0x000000d0dac00000) (1024K)]
  0x0000029970207b80 JavaThread "Notification Thread"        daemon [_thread_blocked, id=33868, stack(0x000000d0dac00000,0x000000d0dad00000) (1024K)]
  0x0000029971b2a010 JavaThread "Daemon health stats"               [_thread_blocked, id=26888, stack(0x000000d0db100000,0x000000d0db200000) (1024K)]
  0x000002997014f3b0 JavaThread "Incoming local TCP Connector on port 60086"        [_thread_in_native, id=29876, stack(0x000000d0db200000,0x000000d0db300000) (1024K)]
  0x0000029970d36f30 JavaThread "Daemon periodic checks"            [_thread_blocked, id=32452, stack(0x000000d0db300000,0x000000d0db400000) (1024K)]
  0x0000029971b95b50 JavaThread "Daemon"                            [_thread_blocked, id=10804, stack(0x000000d0db400000,0x000000d0db500000) (1024K)]
  0x0000029971b96590 JavaThread "Handler for socket connection from /127.0.0.1:60086 to /127.0.0.1:60087"        [_thread_in_native, id=11528, stack(0x000000d0db500000,0x000000d0db600000) (1024K)]
  0x0000029970c30c00 JavaThread "Cancel handler"                    [_thread_blocked, id=22704, stack(0x000000d0db600000,0x000000d0db700000) (1024K)]
=>0x0000029970c32cd0 JavaThread "Daemon worker"                     [_thread_in_vm, id=23344, stack(0x000000d0db700000,0x000000d0db800000) (1024K)]
  0x0000029970c32640 JavaThread "Asynchronous log dispatcher for DefaultDaemonConnection: socket connection from /127.0.0.1:60086 to /127.0.0.1:60087"        [_thread_blocked, id=3988, stack(0x000000d0db800000,0x000000d0db900000) (1024K)]
  0x0000029970c30570 JavaThread "Stdin handler"                     [_thread_blocked, id=32536, stack(0x000000d0db900000,0x000000d0dba00000) (1024K)]
  0x0000029970c31290 JavaThread "Daemon client event forwarder"        [_thread_blocked, id=7080, stack(0x000000d0dba00000,0x000000d0dbb00000) (1024K)]
  0x0000029970c339f0 JavaThread "Cache worker for journal cache (C:\Users\HP\.gradle\caches\journal-1)"        [_thread_blocked, id=25008, stack(0x000000d0dbb00000,0x000000d0dbc00000) (1024K)]
  0x0000029970c31920 JavaThread "File lock request listener"        [_thread_in_native, id=35324, stack(0x000000d0dbc00000,0x000000d0dbd00000) (1024K)]
  0x0000029970c31fb0 JavaThread "Cache worker for file hash cache (C:\Users\HP\.gradle\caches\8.14.1\fileHashes)"        [_thread_blocked, id=5868, stack(0x000000d0dbd00000,0x000000d0dbe00000) (1024K)]
  0x0000029970c33360 JavaThread "File lock release action executor"        [_thread_blocked, id=30016, stack(0x000000d0dbe00000,0x000000d0dbf00000) (1024K)]
  0x0000029972112c60 JavaThread "Cache worker for file hash cache (D:\gymforadmin\gymforadmin\android\.gradle\8.14.1\fileHashes)"        [_thread_blocked, id=22676, stack(0x000000d0dc600000,0x000000d0dc700000) (1024K)]
  0x00000299721125d0 JavaThread "Cache worker for Build Output Cleanup Cache (D:\gymforadmin\gymforadmin\android\.gradle\buildOutputCleanup)"        [_thread_blocked, id=25628, stack(0x000000d0dc700000,0x000000d0dc800000) (1024K)]
  0x0000029972114010 JavaThread "File watcher server"        daemon [_thread_in_native, id=10528, stack(0x000000d0dc800000,0x000000d0dc900000) (1024K)]
  0x0000029972111f40 JavaThread "File watcher consumer"      daemon [_thread_blocked, id=32088, stack(0x000000d0dc900000,0x000000d0dca00000) (1024K)]
  0x00000299721146a0 JavaThread "jar transforms"                    [_thread_blocked, id=23268, stack(0x000000d0dca00000,0x000000d0dcb00000) (1024K)]
  0x0000029972114d30 JavaThread "jar transforms Thread 2"           [_thread_blocked, id=2104, stack(0x000000d0dcb00000,0x000000d0dcc00000) (1024K)]
  0x00000299721153c0 JavaThread "Cache worker for checksums cache (D:\gymforadmin\gymforadmin\android\.gradle\8.14.1\checksums)"        [_thread_blocked, id=12704, stack(0x000000d0dcc00000,0x000000d0dcd00000) (1024K)]
  0x00000299721160e0 JavaThread "Cache worker for file content cache (C:\Users\HP\.gradle\caches\8.14.1\fileContent)"        [_thread_blocked, id=9652, stack(0x000000d0dcd00000,0x000000d0dce00000) (1024K)]
  0x0000029972116770 JavaThread "jar transforms Thread 3"           [_thread_blocked, id=20476, stack(0x000000d0dce00000,0x000000d0dcf00000) (1024K)]
  0x00000299721132f0 JavaThread "Cache worker for cache directory md-supplier (C:\Users\HP\.gradle\caches\8.14.1\md-supplier)"        [_thread_blocked, id=15212, stack(0x000000d0dcf00000,0x000000d0dd000000) (1024K)]
  0x0000029972116e00 JavaThread "Cache worker for cache directory md-rule (C:\Users\HP\.gradle\caches\8.14.1\md-rule)"        [_thread_blocked, id=7448, stack(0x000000d0dd000000,0x000000d0dd100000) (1024K)]
  0x0000029972117490 JavaThread "Cache worker for Build Output Cleanup Cache (D:\gymforadmin\gymforadmin\node_modules\@react-native\gradle-plugin\.gradle\buildOutputCleanup)"        [_thread_blocked, id=19904, stack(0x000000d0dd100000,0x000000d0dd200000) (1024K)]
  0x0000029972119560 JavaThread "Unconstrained build operations"        [_thread_blocked, id=27440, stack(0x000000d0dd200000,0x000000d0dd300000) (1024K)]
  0x00000299738d4cb0 JavaThread "Unconstrained build operations Thread 2"        [_thread_blocked, id=18660, stack(0x000000d0dd300000,0x000000d0dd400000) (1024K)]
  0x00000299738d4620 JavaThread "Unconstrained build operations Thread 3"        [_thread_blocked, id=6192, stack(0x000000d0dd400000,0x000000d0dd500000) (1024K)]
  0x00000299738d59d0 JavaThread "Unconstrained build operations Thread 4"        [_thread_blocked, id=27956, stack(0x000000d0dd500000,0x000000d0dd600000) (1024K)]
  0x00000299738d66f0 JavaThread "Unconstrained build operations Thread 5"        [_thread_blocked, id=23596, stack(0x000000d0dd600000,0x000000d0dd700000) (1024K)]
  0x00000299738d3f90 JavaThread "Unconstrained build operations Thread 6"        [_thread_blocked, id=23460, stack(0x000000d0dd700000,0x000000d0dd800000) (1024K)]
  0x00000299738d87c0 JavaThread "Unconstrained build operations Thread 7"        [_thread_blocked, id=9472, stack(0x000000d0d9800000,0x000000d0d9900000) (1024K)]
  0x00000299738d7aa0 JavaThread "Unconstrained build operations Thread 8"        [_thread_blocked, id=31692, stack(0x000000d0d9900000,0x000000d0d9a00000) (1024K)]
  0x00000299738d6060 JavaThread "Unconstrained build operations Thread 9"        [_thread_blocked, id=34632, stack(0x000000d0d9a00000,0x000000d0d9b00000) (1024K)]
  0x00000299738d8130 JavaThread "Unconstrained build operations Thread 10"        [_thread_blocked, id=31820, stack(0x000000d0dd800000,0x000000d0dd900000) (1024K)]
  0x00000299738d5340 JavaThread "Unconstrained build operations Thread 11"        [_thread_blocked, id=31724, stack(0x000000d0dd900000,0x000000d0dda00000) (1024K)]
  0x00000299738d94e0 JavaThread "Unconstrained build operations Thread 12"        [_thread_blocked, id=16036, stack(0x000000d0dda00000,0x000000d0ddb00000) (1024K)]
  0x00000299738d8e50 JavaThread "Unconstrained build operations Thread 13"        [_thread_blocked, id=23752, stack(0x000000d0ddb00000,0x000000d0ddc00000) (1024K)]
  0x00000299738d9b70 JavaThread "Unconstrained build operations Thread 14"        [_thread_blocked, id=3360, stack(0x000000d0ddc00000,0x000000d0ddd00000) (1024K)]
  0x00000299738da200 JavaThread "Unconstrained build operations Thread 15"        [_thread_blocked, id=28464, stack(0x000000d0ddd00000,0x000000d0dde00000) (1024K)]
  0x00000299738d6d80 JavaThread "Unconstrained build operations Thread 16"        [_thread_blocked, id=23420, stack(0x000000d0dde00000,0x000000d0ddf00000) (1024K)]
  0x00000299738da890 JavaThread "Unconstrained build operations Thread 17"        [_thread_blocked, id=11512, stack(0x000000d0ddf00000,0x000000d0de000000) (1024K)]
  0x00000299738daf20 JavaThread "Unconstrained build operations Thread 18"        [_thread_blocked, id=32972, stack(0x000000d0de000000,0x000000d0de100000) (1024K)]
  0x00000299738db5b0 JavaThread "Unconstrained build operations Thread 19"        [_thread_blocked, id=34020, stack(0x000000d0de100000,0x000000d0de200000) (1024K)]
  0x0000029974131060 JavaThread "Unconstrained build operations Thread 20"        [_thread_blocked, id=17500, stack(0x000000d0de200000,0x000000d0de300000) (1024K)]
  0x000002997412e900 JavaThread "Unconstrained build operations Thread 21"        [_thread_blocked, id=6608, stack(0x000000d0de300000,0x000000d0de400000) (1024K)]
  0x000002997412ef90 JavaThread "Unconstrained build operations Thread 22"        [_thread_blocked, id=34748, stack(0x000000d0de400000,0x000000d0de500000) (1024K)]
  0x000002997412e270 JavaThread "Unconstrained build operations Thread 23"        [_thread_blocked, id=24596, stack(0x000000d0de500000,0x000000d0de600000) (1024K)]
  0x000002997412f620 JavaThread "Unconstrained build operations Thread 24"        [_thread_blocked, id=28436, stack(0x000000d0de600000,0x000000d0de700000) (1024K)]
  0x000002997412dbe0 JavaThread "Unconstrained build operations Thread 25"        [_thread_blocked, id=25280, stack(0x000000d0de700000,0x000000d0de800000) (1024K)]
  0x0000029974132410 JavaThread "Unconstrained build operations Thread 26"        [_thread_blocked, id=24376, stack(0x000000d0de800000,0x000000d0de900000) (1024K)]
  0x00000299741309d0 JavaThread "Unconstrained build operations Thread 27"        [_thread_blocked, id=30540, stack(0x000000d0de900000,0x000000d0dea00000) (1024K)]
  0x000002997412fcb0 JavaThread "Unconstrained build operations Thread 28"        [_thread_blocked, id=34304, stack(0x000000d0dea00000,0x000000d0deb00000) (1024K)]
  0x0000029974132aa0 JavaThread "Unconstrained build operations Thread 29"        [_thread_blocked, id=33172, stack(0x000000d0deb00000,0x000000d0dec00000) (1024K)]
  0x0000029974133130 JavaThread "Unconstrained build operations Thread 30"        [_thread_blocked, id=5484, stack(0x000000d0dec00000,0x000000d0ded00000) (1024K)]
  0x00000299741337c0 JavaThread "Unconstrained build operations Thread 31"        [_thread_blocked, id=21008, stack(0x000000d0ded00000,0x000000d0dee00000) (1024K)]
  0x00000299741316f0 JavaThread "Unconstrained build operations Thread 32"        [_thread_blocked, id=34648, stack(0x000000d0dee00000,0x000000d0def00000) (1024K)]
  0x0000029974130340 JavaThread "Unconstrained build operations Thread 33"        [_thread_blocked, id=31844, stack(0x000000d0def00000,0x000000d0df000000) (1024K)]
  0x0000029974133e50 JavaThread "Unconstrained build operations Thread 34"        [_thread_blocked, id=8100, stack(0x000000d0df000000,0x000000d0df100000) (1024K)]
  0x0000029974131d80 JavaThread "Unconstrained build operations Thread 35"        [_thread_blocked, id=34620, stack(0x000000d0df100000,0x000000d0df200000) (1024K)]
  0x00000299741344e0 JavaThread "Unconstrained build operations Thread 36"        [_thread_blocked, id=30516, stack(0x000000d0df200000,0x000000d0df300000) (1024K)]
  0x0000029974135200 JavaThread "Unconstrained build operations Thread 37"        [_thread_blocked, id=8120, stack(0x000000d0df300000,0x000000d0df400000) (1024K)]
  0x0000029974134b70 JavaThread "Unconstrained build operations Thread 38"        [_thread_blocked, id=4436, stack(0x000000d0df400000,0x000000d0df500000) (1024K)]
  0x00000299739dc490 JavaThread "Unconstrained build operations Thread 39"        [_thread_blocked, id=17324, stack(0x000000d0df500000,0x000000d0df600000) (1024K)]
  0x00000299739dbe00 JavaThread "build event listener"              [_thread_blocked, id=23028, stack(0x000000d0df600000,0x000000d0df700000) (1024K)]
  0x00000299739dd840 JavaThread "Memory manager"                    [_thread_blocked, id=23016, stack(0x000000d0df700000,0x000000d0df800000) (1024K)]
Total: 78

Other Threads:
  0x000002996bbf0080 VMThread "VM Thread"                           [id=33144, stack(0x000000d0da200000,0x000000d0da300000) (1024K)] _threads_hazard_ptr=0x00000299747d8c50
  0x000002996bbdc970 WatcherThread "VM Periodic Task Thread"        [id=12436, stack(0x000000d0da100000,0x000000d0da200000) (1024K)]
  0x00000299540b9170 WorkerThread "GC Thread#0"                     [id=33244, stack(0x000000d0d9c00000,0x000000d0d9d00000) (1024K)]
  0x00000299702626d0 WorkerThread "GC Thread#1"                     [id=24792, stack(0x000000d0dad00000,0x000000d0dae00000) (1024K)]
  0x000002997033a210 WorkerThread "GC Thread#2"                     [id=732, stack(0x000000d0dae00000,0x000000d0daf00000) (1024K)]
  0x0000029970112040 WorkerThread "GC Thread#3"                     [id=32712, stack(0x000000d0daf00000,0x000000d0db000000) (1024K)]
  0x00000299700d1870 WorkerThread "GC Thread#4"                     [id=29720, stack(0x000000d0db000000,0x000000d0db100000) (1024K)]
  0x0000029970d1af20 WorkerThread "GC Thread#5"                     [id=34508, stack(0x000000d0dbf00000,0x000000d0dc000000) (1024K)]
  0x0000029970d1b2d0 WorkerThread "GC Thread#6"                     [id=35468, stack(0x000000d0dc000000,0x000000d0dc100000) (1024K)]
  0x0000029970d1a060 WorkerThread "GC Thread#7"                     [id=22824, stack(0x000000d0dc100000,0x000000d0dc200000) (1024K)]
  0x0000029970d1a410 WorkerThread "GC Thread#8"                     [id=35148, stack(0x000000d0dc200000,0x000000d0dc300000) (1024K)]
  0x0000029970d1b680 WorkerThread "GC Thread#9"                     [id=10668, stack(0x000000d0dc300000,0x000000d0dc400000) (1024K)]
  0x00000299540ca070 ConcurrentGCThread "G1 Main Marker"            [id=9744, stack(0x000000d0d9d00000,0x000000d0d9e00000) (1024K)]
  0x00000299540caa90 WorkerThread "G1 Conc#0"                       [id=12440, stack(0x000000d0d9e00000,0x000000d0d9f00000) (1024K)]
  0x00000299722c07b0 WorkerThread "G1 Conc#1"                       [id=35164, stack(0x000000d0dc400000,0x000000d0dc500000) (1024K)]
  0x00000299722bea30 WorkerThread "G1 Conc#2"                       [id=9852, stack(0x000000d0dc500000,0x000000d0dc600000) (1024K)]
  0x000002996baad950 ConcurrentGCThread "G1 Refine#0"               [id=32236, stack(0x000000d0d9f00000,0x000000d0da000000) (1024K)]
  0x000002996baae2e0 ConcurrentGCThread "G1 Service"                [id=6696, stack(0x000000d0da000000,0x000000d0da100000) (1024K)]
Total: 18

Threads with active compile tasks:
Total: 0

VM state: synchronizing (normal execution)

VM Mutex/Monitor currently owned by a thread:  ([mutex/lock_event])
[0x00007ffea4c3d530] Metaspace_lock - owner thread: 0x0000029970c32cd0
[0x00007ffea4c3f5b0] Threads_lock - owner thread: 0x000002996bbf0080

Heap address: 0x0000000080000000, size: 2048 MB, Compressed Oops mode: 32-bit

CDS archive(s) mapped at: [0x0000029900000000-0x0000029900ba0000-0x0000029900ba0000), size 12189696, SharedBaseAddress: 0x0000029900000000, ArchiveRelocationMode: 1.
Compressed class space mapped at: 0x0000029901000000-0x000002991b000000, reserved size: 436207616
Narrow klass base: 0x0000029900000000, Narrow klass shift: 0, Narrow klass range: 0x100000000

GC Precious Log:
 CardTable entry size: 512
 Card Set container configuration: InlinePtr #cards 5 size 8 Array Of Cards #cards 12 size 40 Howl #buckets 4 coarsen threshold 1843 Howl Bitmap #cards 512 size 80 coarsen threshold 460 Card regions per heap region 1 cards per card region 2048
 CPUs: 12 total, 12 available
 Memory: 7835M
 Large Page Support: Disabled
 NUMA Support: Disabled
 Compressed Oops: Enabled (32-bit)
 Heap Region Size: 1M
 Heap Min Capacity: 8M
 Heap Initial Capacity: 124M
 Heap Max Capacity: 2G
 Pre-touch: Disabled
 Parallel Workers: 10
 Concurrent Workers: 3
 Concurrent Refinement Workers: 10
 Periodic GC: Disabled

Heap:
 garbage-first heap   total 99328K, used 85572K [0x0000000080000000, 0x0000000100000000)
  region size 1024K, 32 young (32768K), 4 survivors (4096K)
 Metaspace       used 69449K, committed 71488K, reserved 491520K
  class space    used 10090K, committed 11072K, reserved 425984K

Heap Regions: E=young(eden), S=young(survivor), O=old, HS=humongous(starts), HC=humongous(continues), CS=collection set, F=free, TAMS=top-at-mark-start, PB=parsable bottom
|   0|0x0000000080000000, 0x0000000080100000, 0x0000000080100000|100%|HS|  |TAMS 0x0000000080000000| PB 0x0000000080000000| Complete 
|   1|0x0000000080100000, 0x0000000080200000, 0x0000000080200000|100%|HC|  |TAMS 0x0000000080100000| PB 0x0000000080100000| Complete 
|   2|0x0000000080200000, 0x0000000080300000, 0x0000000080300000|100%|HC|  |TAMS 0x0000000080200000| PB 0x0000000080200000| Complete 
|   3|0x0000000080300000, 0x0000000080400000, 0x0000000080400000|100%| O|  |TAMS 0x0000000080300000| PB 0x0000000080300000| Untracked 
|   4|0x0000000080400000, 0x0000000080500000, 0x0000000080500000|100%| O|  |TAMS 0x0000000080400000| PB 0x0000000080400000| Untracked 
|   5|0x0000000080500000, 0x0000000080600000, 0x0000000080600000|100%| O|  |TAMS 0x0000000080500000| PB 0x0000000080500000| Untracked 
|   6|0x0000000080600000, 0x0000000080700000, 0x0000000080700000|100%|HS|  |TAMS 0x0000000080600000| PB 0x0000000080600000| Complete 
|   7|0x0000000080700000, 0x0000000080800000, 0x0000000080800000|100%| O|  |TAMS 0x0000000080700000| PB 0x0000000080700000| Untracked 
|   8|0x0000000080800000, 0x0000000080900000, 0x0000000080900000|100%| O|  |TAMS 0x0000000080800000| PB 0x0000000080800000| Untracked 
|   9|0x0000000080900000, 0x0000000080a00000, 0x0000000080a00000|100%| O|  |TAMS 0x0000000080900000| PB 0x0000000080900000| Untracked 
|  10|0x0000000080a00000, 0x0000000080b00000, 0x0000000080b00000|100%| O|  |TAMS 0x0000000080a00000| PB 0x0000000080a00000| Untracked 
|  11|0x0000000080b00000, 0x0000000080c00000, 0x0000000080c00000|100%| O|  |TAMS 0x0000000080b00000| PB 0x0000000080b00000| Untracked 
|  12|0x0000000080c00000, 0x0000000080d00000, 0x0000000080d00000|100%| O|  |TAMS 0x0000000080c00000| PB 0x0000000080c00000| Untracked 
|  13|0x0000000080d00000, 0x0000000080e00000, 0x0000000080e00000|100%| O|  |TAMS 0x0000000080d00000| PB 0x0000000080d00000| Untracked 
|  14|0x0000000080e00000, 0x0000000080f00000, 0x0000000080f00000|100%| O|  |TAMS 0x0000000080e00000| PB 0x0000000080e00000| Untracked 
|  15|0x0000000080f00000, 0x0000000081000000, 0x0000000081000000|100%| O|  |TAMS 0x0000000080f00000| PB 0x0000000080f00000| Untracked 
|  16|0x0000000081000000, 0x0000000081100000, 0x0000000081100000|100%| O|  |TAMS 0x0000000081000000| PB 0x0000000081000000| Untracked 
|  17|0x0000000081100000, 0x0000000081200000, 0x0000000081200000|100%| O|  |TAMS 0x0000000081100000| PB 0x0000000081100000| Untracked 
|  18|0x0000000081200000, 0x0000000081300000, 0x0000000081300000|100%| O|  |TAMS 0x0000000081200000| PB 0x0000000081200000| Untracked 
|  19|0x0000000081300000, 0x0000000081400000, 0x0000000081400000|100%| O|  |TAMS 0x0000000081300000| PB 0x0000000081300000| Untracked 
|  20|0x0000000081400000, 0x0000000081500000, 0x0000000081500000|100%| O|  |TAMS 0x0000000081400000| PB 0x0000000081400000| Untracked 
|  21|0x0000000081500000, 0x0000000081600000, 0x0000000081600000|100%| O|  |TAMS 0x0000000081500000| PB 0x0000000081500000| Untracked 
|  22|0x0000000081600000, 0x0000000081700000, 0x0000000081700000|100%| O|  |TAMS 0x0000000081600000| PB 0x0000000081600000| Untracked 
|  23|0x0000000081700000, 0x0000000081800000, 0x0000000081800000|100%| O|  |TAMS 0x0000000081700000| PB 0x0000000081700000| Untracked 
|  24|0x0000000081800000, 0x0000000081900000, 0x0000000081900000|100%| O|Cm|TAMS 0x0000000081800000| PB 0x0000000081800000| Complete 
|  25|0x0000000081900000, 0x0000000081a00000, 0x0000000081a00000|100%| O|  |TAMS 0x0000000081900000| PB 0x0000000081900000| Untracked 
|  26|0x0000000081a00000, 0x0000000081b00000, 0x0000000081b00000|100%| O|  |TAMS 0x0000000081a00000| PB 0x0000000081a00000| Untracked 
|  27|0x0000000081b00000, 0x0000000081c00000, 0x0000000081c00000|100%| O|  |TAMS 0x0000000081b00000| PB 0x0000000081b00000| Untracked 
|  28|0x0000000081c00000, 0x0000000081d00000, 0x0000000081d00000|100%| O|  |TAMS 0x0000000081c00000| PB 0x0000000081c00000| Untracked 
|  29|0x0000000081d00000, 0x0000000081e00000, 0x0000000081e00000|100%| O|  |TAMS 0x0000000081d00000| PB 0x0000000081d00000| Untracked 
|  30|0x0000000081e00000, 0x0000000081f00000, 0x0000000081f00000|100%| O|  |TAMS 0x0000000081e00000| PB 0x0000000081e00000| Untracked 
|  31|0x0000000081f00000, 0x0000000082000000, 0x0000000082000000|100%| O|  |TAMS 0x0000000081f00000| PB 0x0000000081f00000| Untracked 
|  32|0x0000000082000000, 0x0000000082100000, 0x0000000082100000|100%| O|  |TAMS 0x0000000082000000| PB 0x0000000082000000| Untracked 
|  33|0x0000000082100000, 0x0000000082200000, 0x0000000082200000|100%| O|  |TAMS 0x0000000082100000| PB 0x0000000082100000| Untracked 
|  34|0x0000000082200000, 0x0000000082300000, 0x0000000082300000|100%| O|  |TAMS 0x0000000082200000| PB 0x0000000082200000| Untracked 
|  35|0x0000000082300000, 0x0000000082400000, 0x0000000082400000|100%| O|  |TAMS 0x0000000082300000| PB 0x0000000082300000| Untracked 
|  36|0x0000000082400000, 0x0000000082500000, 0x0000000082500000|100%| O|  |TAMS 0x0000000082400000| PB 0x0000000082400000| Untracked 
|  37|0x0000000082500000, 0x0000000082600000, 0x0000000082600000|100%| O|  |TAMS 0x0000000082500000| PB 0x0000000082500000| Untracked 
|  38|0x0000000082600000, 0x0000000082700000, 0x0000000082700000|100%| O|  |TAMS 0x0000000082600000| PB 0x0000000082600000| Untracked 
|  39|0x0000000082700000, 0x0000000082800000, 0x0000000082800000|100%| O|  |TAMS 0x0000000082700000| PB 0x0000000082700000| Untracked 
|  40|0x0000000082800000, 0x0000000082900000, 0x0000000082900000|100%| O|  |TAMS 0x0000000082800000| PB 0x0000000082800000| Untracked 
|  41|0x0000000082900000, 0x0000000082a00000, 0x0000000082a00000|100%| O|  |TAMS 0x0000000082900000| PB 0x0000000082900000| Untracked 
|  42|0x0000000082a00000, 0x0000000082a4a6d8, 0x0000000082b00000| 29%| O|  |TAMS 0x0000000082a00000| PB 0x0000000082a00000| Untracked 
|  43|0x0000000082b00000, 0x0000000082b00000, 0x0000000082c00000|  0%| F|  |TAMS 0x0000000082b00000| PB 0x0000000082b00000| Untracked 
|  44|0x0000000082c00000, 0x0000000082d00000, 0x0000000082d00000|100%|HS|  |TAMS 0x0000000082c00000| PB 0x0000000082c00000| Complete 
|  45|0x0000000082d00000, 0x0000000082e00000, 0x0000000082e00000|100%|HC|  |TAMS 0x0000000082d00000| PB 0x0000000082d00000| Complete 
|  46|0x0000000082e00000, 0x0000000082f00000, 0x0000000082f00000|100%|HC|  |TAMS 0x0000000082e00000| PB 0x0000000082e00000| Complete 
|  47|0x0000000082f00000, 0x0000000083000000, 0x0000000083000000|100%| O|  |TAMS 0x0000000082f00000| PB 0x0000000082f00000| Untracked 
|  48|0x0000000083000000, 0x0000000083100000, 0x0000000083100000|100%|HS|  |TAMS 0x0000000083000000| PB 0x0000000083000000| Complete 
|  49|0x0000000083100000, 0x0000000083200000, 0x0000000083200000|100%|HC|  |TAMS 0x0000000083100000| PB 0x0000000083100000| Complete 
|  50|0x0000000083200000, 0x0000000083300000, 0x0000000083300000|100%|HC|  |TAMS 0x0000000083200000| PB 0x0000000083200000| Complete 
|  51|0x0000000083300000, 0x0000000083400000, 0x0000000083400000|100%| O|  |TAMS 0x0000000083300000| PB 0x0000000083300000| Untracked 
|  52|0x0000000083400000, 0x0000000083500000, 0x0000000083500000|100%| O|  |TAMS 0x0000000083400000| PB 0x0000000083400000| Untracked 
|  53|0x0000000083500000, 0x0000000083500000, 0x0000000083600000|  0%| F|  |TAMS 0x0000000083500000| PB 0x0000000083500000| Untracked 
|  54|0x0000000083600000, 0x0000000083600000, 0x0000000083700000|  0%| F|  |TAMS 0x0000000083600000| PB 0x0000000083600000| Untracked 
|  55|0x0000000083700000, 0x0000000083700000, 0x0000000083800000|  0%| F|  |TAMS 0x0000000083700000| PB 0x0000000083700000| Untracked 
|  56|0x0000000083800000, 0x0000000083800000, 0x0000000083900000|  0%| F|  |TAMS 0x0000000083800000| PB 0x0000000083800000| Untracked 
|  57|0x0000000083900000, 0x0000000083900000, 0x0000000083a00000|  0%| F|  |TAMS 0x0000000083900000| PB 0x0000000083900000| Untracked 
|  58|0x0000000083a00000, 0x0000000083a00000, 0x0000000083b00000|  0%| F|  |TAMS 0x0000000083a00000| PB 0x0000000083a00000| Untracked 
|  59|0x0000000083b00000, 0x0000000083b00000, 0x0000000083c00000|  0%| F|  |TAMS 0x0000000083b00000| PB 0x0000000083b00000| Untracked 
|  60|0x0000000083c00000, 0x0000000083c00000, 0x0000000083d00000|  0%| F|  |TAMS 0x0000000083c00000| PB 0x0000000083c00000| Untracked 
|  61|0x0000000083d00000, 0x0000000083d00000, 0x0000000083e00000|  0%| F|  |TAMS 0x0000000083d00000| PB 0x0000000083d00000| Untracked 
|  62|0x0000000083e00000, 0x0000000083efbd80, 0x0000000083f00000| 98%| E|  |TAMS 0x0000000083e00000| PB 0x0000000083e00000| Complete 
|  63|0x0000000083f00000, 0x0000000083f46c40, 0x0000000084000000| 27%| S|CS|TAMS 0x0000000083f00000| PB 0x0000000083f00000| Complete 
|  64|0x0000000084000000, 0x0000000084100000, 0x0000000084100000|100%| S|CS|TAMS 0x0000000084000000| PB 0x0000000084000000| Complete 
|  65|0x0000000084100000, 0x0000000084200000, 0x0000000084200000|100%| S|CS|TAMS 0x0000000084100000| PB 0x0000000084100000| Complete 
|  66|0x0000000084200000, 0x0000000084300000, 0x0000000084300000|100%| S|CS|TAMS 0x0000000084200000| PB 0x0000000084200000| Complete 
|  67|0x0000000084300000, 0x0000000084400000, 0x0000000084400000|100%| E|CS|TAMS 0x0000000084300000| PB 0x0000000084300000| Complete 
|  68|0x0000000084400000, 0x0000000084500000, 0x0000000084500000|100%| E|CS|TAMS 0x0000000084400000| PB 0x0000000084400000| Complete 
|  69|0x0000000084500000, 0x0000000084600000, 0x0000000084600000|100%| E|CS|TAMS 0x0000000084500000| PB 0x0000000084500000| Complete 
|  70|0x0000000084600000, 0x0000000084700000, 0x0000000084700000|100%| E|CS|TAMS 0x0000000084600000| PB 0x0000000084600000| Complete 
|  71|0x0000000084700000, 0x0000000084800000, 0x0000000084800000|100%| E|CS|TAMS 0x0000000084700000| PB 0x0000000084700000| Complete 
|  72|0x0000000084800000, 0x0000000084900000, 0x0000000084900000|100%| E|CS|TAMS 0x0000000084800000| PB 0x0000000084800000| Complete 
|  73|0x0000000084900000, 0x0000000084a00000, 0x0000000084a00000|100%| E|CS|TAMS 0x0000000084900000| PB 0x0000000084900000| Complete 
|  74|0x0000000084a00000, 0x0000000084b00000, 0x0000000084b00000|100%| E|CS|TAMS 0x0000000084a00000| PB 0x0000000084a00000| Complete 
|  75|0x0000000084b00000, 0x0000000084c00000, 0x0000000084c00000|100%| E|CS|TAMS 0x0000000084b00000| PB 0x0000000084b00000| Complete 
|  76|0x0000000084c00000, 0x0000000084d00000, 0x0000000084d00000|100%| E|CS|TAMS 0x0000000084c00000| PB 0x0000000084c00000| Complete 
|  77|0x0000000084d00000, 0x0000000084e00000, 0x0000000084e00000|100%| E|CS|TAMS 0x0000000084d00000| PB 0x0000000084d00000| Complete 
|  78|0x0000000084e00000, 0x0000000084f00000, 0x0000000084f00000|100%| E|CS|TAMS 0x0000000084e00000| PB 0x0000000084e00000| Complete 
|  79|0x0000000084f00000, 0x0000000085000000, 0x0000000085000000|100%| E|CS|TAMS 0x0000000084f00000| PB 0x0000000084f00000| Complete 
|  80|0x0000000085000000, 0x0000000085100000, 0x0000000085100000|100%| E|CS|TAMS 0x0000000085000000| PB 0x0000000085000000| Complete 
|  81|0x0000000085100000, 0x0000000085200000, 0x0000000085200000|100%| E|CS|TAMS 0x0000000085100000| PB 0x0000000085100000| Complete 
|  82|0x0000000085200000, 0x0000000085300000, 0x0000000085300000|100%| E|CS|TAMS 0x0000000085200000| PB 0x0000000085200000| Complete 
|  83|0x0000000085300000, 0x0000000085400000, 0x0000000085400000|100%| E|CS|TAMS 0x0000000085300000| PB 0x0000000085300000| Complete 
|  84|0x0000000085400000, 0x0000000085500000, 0x0000000085500000|100%| E|CS|TAMS 0x0000000085400000| PB 0x0000000085400000| Complete 
|  85|0x0000000085500000, 0x0000000085600000, 0x0000000085600000|100%| E|CS|TAMS 0x0000000085500000| PB 0x0000000085500000| Complete 
|  86|0x0000000085600000, 0x0000000085700000, 0x0000000085700000|100%| E|CS|TAMS 0x0000000085600000| PB 0x0000000085600000| Complete 
|  87|0x0000000085700000, 0x0000000085800000, 0x0000000085800000|100%| E|CS|TAMS 0x0000000085700000| PB 0x0000000085700000| Complete 
|  88|0x0000000085800000, 0x0000000085900000, 0x0000000085900000|100%| E|CS|TAMS 0x0000000085800000| PB 0x0000000085800000| Complete 
|  94|0x0000000085e00000, 0x0000000085f00000, 0x0000000085f00000|100%| E|CS|TAMS 0x0000000085e00000| PB 0x0000000085e00000| Complete 
|  95|0x0000000085f00000, 0x0000000086000000, 0x0000000086000000|100%| E|  |TAMS 0x0000000085f00000| PB 0x0000000085f00000| Complete 
|  96|0x0000000086000000, 0x0000000086100000, 0x0000000086100000|100%| E|CS|TAMS 0x0000000086000000| PB 0x0000000086000000| Complete 
| 123|0x0000000087b00000, 0x0000000087c00000, 0x0000000087c00000|100%| E|CS|TAMS 0x0000000087b00000| PB 0x0000000087b00000| Complete 
|2044|0x00000000ffc00000, 0x00000000ffd00000, 0x00000000ffd00000|100%| O|Cm|TAMS 0x00000000ffc00000| PB 0x00000000ffc00000| Complete 
|2045|0x00000000ffd00000, 0x00000000ffe00000, 0x00000000ffe00000|100%| O|  |TAMS 0x00000000ffd00000| PB 0x00000000ffd00000| Untracked 
|2046|0x00000000ffe00000, 0x00000000fff00000, 0x00000000fff00000|100%| O|  |TAMS 0x00000000ffe00000| PB 0x00000000ffe00000| Untracked 
|2047|0x00000000fff00000, 0x0000000100000000, 0x0000000100000000|100%| E|CS|TAMS 0x00000000fff00000| PB 0x00000000fff00000| Complete 

Card table byte_map: [0x0000029966bb0000,0x0000029966fb0000] _byte_map_base: 0x00000299667b0000

Marking Bits: (CMBitMap*) 0x00000299540b9790
 Bits: [0x0000029966fb0000, 0x0000029968fb0000)

Polling page: 0x0000029951e50000

Metaspace:

Usage:
  Non-class:     57.97 MB used.
      Class:      9.85 MB used.
       Both:     67.82 MB used.

Virtual space:
  Non-class space:       64.00 MB reserved,      59.00 MB ( 92%) committed,  1 nodes.
      Class space:      416.00 MB reserved,      10.81 MB (  3%) committed,  1 nodes.
             Both:      480.00 MB reserved,      69.81 MB ( 15%) committed. 

Chunk freelists:
   Non-Class:  4.36 MB
       Class:  5.20 MB
        Both:  9.56 MB

MaxMetaspaceSize: 512.00 MB
CompressedClassSpaceSize: 416.00 MB
Initial GC threshold: 21.00 MB
Current GC threshold: 110.44 MB
CDS: on
 - commit_granule_bytes: 65536.
 - commit_granule_words: 8192.
 - virtual_space_node_default_size: 8388608.
 - enlarge_chunks_in_place: 1.
 - use_allocation_guard: 0.


Internal statistics:

num_allocs_failed_limit: 6.
num_arena_births: 3746.
num_arena_deaths: 0.
num_vsnodes_births: 2.
num_vsnodes_deaths: 0.
num_space_committed: 1117.
num_space_uncommitted: 0.
num_chunks_returned_to_freelist: 6.
num_chunks_taken_from_freelist: 7057.
num_chunk_merges: 6.
num_chunk_splits: 4584.
num_chunks_enlarged: 2818.
num_inconsistent_stats: 0.

CodeHeap 'non-profiled nmethods': size=120000Kb used=4091Kb max_used=4091Kb free=115908Kb
 bounds [0x000002995ed30000, 0x000002995f130000, 0x0000029966260000]
CodeHeap 'profiled nmethods': size=120000Kb used=13312Kb max_used=13312Kb free=106687Kb
 bounds [0x0000029957260000, 0x0000029957f70000, 0x000002995e790000]
CodeHeap 'non-nmethods': size=5760Kb used=2670Kb max_used=2712Kb free=3089Kb
 bounds [0x000002995e790000, 0x000002995ea40000, 0x000002995ed30000]
CodeCache: size=245760Kb, used=20073Kb, max_used=20115Kb, free=225684Kb
 total_blobs=8121, nmethods=7185, adapters=840, full_count=0
Compilation: enabled, stopped_count=0, restarted_count=0

Compilation events (20 events):
Event: 83.707 Thread 0x000002996bc1d910 8389       4       org.gradle.internal.service.DefaultServiceRegistry$SingletonService::getService (33 bytes)
Event: 83.773 Thread 0x000002996bc1d910 nmethod 8389 0x000002995f129c10 code [0x000002995f129fa0, 0x000002995f12b518]
Event: 83.773 Thread 0x000002996bc1d910 8390       4       org.gradle.internal.service.DefaultServiceRegistry::isSatisfiedByAny (41 bytes)
Event: 83.814 Thread 0x000002996bc1d910 nmethod 8390 0x000002995f12bf10 code [0x000002995f12c240, 0x000002995f12cfa8]
Event: 83.818 Thread 0x000002996bc28150 8391       1       org.jetbrains.kotlin.gradle.plugin.KotlinPluginLifecycleImpl::getStage (5 bytes)
Event: 83.818 Thread 0x000002996bc28150 nmethod 8391 0x000002995f12d710 code [0x000002995f12d8a0, 0x000002995f12d968]
Event: 83.843 Thread 0x000002996bc28150 8392       3       org.gradle.api.internal.provider.AbstractMinimalProvider::getOrNull (13 bytes)
Event: 83.844 Thread 0x000002996bc28150 nmethod 8392 0x0000029957f61790 code [0x0000029957f61960, 0x0000029957f61c00]
Event: 83.854 Thread 0x000002996bc1d910 8393       4       java.lang.ThreadLocal::setInitialValue (64 bytes)
Event: 83.859 Thread 0x000002996bc28150 8394       3       java.util.regex.Pattern$CharPropertyGreedy::study (45 bytes)
Event: 83.859 Thread 0x000002996bc28150 nmethod 8394 0x0000029957f61d10 code [0x0000029957f61ec0, 0x0000029957f620f8]
Event: 83.859 Thread 0x000002996bc28150 8395       3       java.util.regex.Pattern$BitClass::add (97 bytes)
Event: 83.860 Thread 0x000002996bc28150 nmethod 8395 0x0000029957f62210 code [0x0000029957f62460, 0x0000029957f62d50]
Event: 83.871 Thread 0x000002996bc1d910 nmethod 8393 0x000002995f12da10 code [0x000002995f12dc20, 0x000002995f12e4e8]
Event: 83.947 Thread 0x000002996bc28150 8396       3       org.gradle.api.internal.artifacts.ivyservice.moduleconverter.DefaultRootComponentMetadataBuilder$MetadataHolder::currentValue (23 bytes)
Event: 83.948 Thread 0x000002996bc1d910 8398       4       org.gradle.internal.logging.events.ProgressCompleteEvent::getLogLevel (4 bytes)
Event: 83.948 Thread 0x000002996bc28150 nmethod 8396 0x0000029957f63110 code [0x0000029957f632e0, 0x0000029957f63618]
Event: 83.948 Thread 0x000002996bc28150 8397       3       org.gradle.api.internal.artifacts.ivyservice.moduleconverter.DefaultRootComponentMetadataBuilder$MetadataHolder::validateMutation (23 bytes)
Event: 83.948 Thread 0x000002996bc1d910 nmethod 8398 0x000002995f12e990 code [0x000002995f12eb20, 0x000002995f12ebb0]
Event: 83.949 Thread 0x000002996bc28150 nmethod 8397 0x0000029957f63710 code [0x0000029957f63940, 0x0000029957f640e0]

GC Heap History (20 events):
Event: 49.586 GC heap before
{Heap before GC invocations=13 (full 0):
 garbage-first heap   total 86016K, used 76162K [0x0000000080000000, 0x0000000100000000)
  region size 1024K, 39 young (39936K), 3 survivors (3072K)
 Metaspace       used 48570K, committed 50240K, reserved 491520K
  class space    used 7048K, committed 7872K, reserved 425984K
}
Event: 49.592 GC heap after
{Heap after GC invocations=14 (full 0):
 garbage-first heap   total 86016K, used 41920K [0x0000000080000000, 0x0000000100000000)
  region size 1024K, 5 young (5120K), 5 survivors (5120K)
 Metaspace       used 48570K, committed 50240K, reserved 491520K
  class space    used 7048K, committed 7872K, reserved 425984K
}
Event: 58.768 GC heap before
{Heap before GC invocations=14 (full 0):
 garbage-first heap   total 86016K, used 76736K [0x0000000080000000, 0x0000000100000000)
  region size 1024K, 39 young (39936K), 5 survivors (5120K)
 Metaspace       used 52886K, committed 54656K, reserved 491520K
  class space    used 7634K, committed 8512K, reserved 425984K
}
Event: 58.772 GC heap after
{Heap after GC invocations=15 (full 0):
 garbage-first heap   total 86016K, used 41843K [0x0000000080000000, 0x0000000100000000)
  region size 1024K, 2 young (2048K), 2 survivors (2048K)
 Metaspace       used 52886K, committed 54656K, reserved 491520K
  class space    used 7634K, committed 8512K, reserved 425984K
}
Event: 61.440 GC heap before
{Heap before GC invocations=15 (full 0):
 garbage-first heap   total 86016K, used 76659K [0x0000000080000000, 0x0000000100000000)
  region size 1024K, 36 young (36864K), 2 survivors (2048K)
 Metaspace       used 56488K, committed 58368K, reserved 491520K
  class space    used 8239K, committed 9152K, reserved 425984K
}
Event: 61.447 GC heap after
{Heap after GC invocations=16 (full 0):
 garbage-first heap   total 86016K, used 43747K [0x0000000080000000, 0x0000000100000000)
  region size 1024K, 4 young (4096K), 4 survivors (4096K)
 Metaspace       used 56488K, committed 58368K, reserved 491520K
  class space    used 8239K, committed 9152K, reserved 425984K
}
Event: 65.501 GC heap before
{Heap before GC invocations=17 (full 0):
 garbage-first heap   total 86016K, used 76515K [0x0000000080000000, 0x0000000100000000)
  region size 1024K, 37 young (37888K), 4 survivors (4096K)
 Metaspace       used 57528K, committed 59328K, reserved 491520K
  class space    used 8362K, committed 9216K, reserved 425984K
}
Event: 65.512 GC heap after
{Heap after GC invocations=18 (full 0):
 garbage-first heap   total 88064K, used 49393K [0x0000000080000000, 0x0000000100000000)
  region size 1024K, 5 young (5120K), 5 survivors (5120K)
 Metaspace       used 57528K, committed 59328K, reserved 491520K
  class space    used 8362K, committed 9216K, reserved 425984K
}
Event: 69.093 GC heap before
{Heap before GC invocations=18 (full 0):
 garbage-first heap   total 88064K, used 80113K [0x0000000080000000, 0x0000000100000000)
  region size 1024K, 33 young (33792K), 5 survivors (5120K)
 Metaspace       used 58440K, committed 60352K, reserved 491520K
  class space    used 8476K, committed 9408K, reserved 425984K
}
Event: 69.110 GC heap after
{Heap after GC invocations=19 (full 0):
 garbage-first heap   total 91136K, used 54313K [0x0000000080000000, 0x0000000100000000)
  region size 1024K, 4 young (4096K), 4 survivors (4096K)
 Metaspace       used 58440K, committed 60352K, reserved 491520K
  class space    used 8476K, committed 9408K, reserved 425984K
}
Event: 69.367 GC heap before
{Heap before GC invocations=19 (full 0):
 garbage-first heap   total 91136K, used 54313K [0x0000000080000000, 0x0000000100000000)
  region size 1024K, 6 young (6144K), 4 survivors (4096K)
 Metaspace       used 58489K, committed 60416K, reserved 491520K
  class space    used 8479K, committed 9408K, reserved 425984K
}
Event: 69.373 GC heap after
{Heap after GC invocations=20 (full 0):
 garbage-first heap   total 91136K, used 54477K [0x0000000080000000, 0x0000000100000000)
  region size 1024K, 1 young (1024K), 1 survivors (1024K)
 Metaspace       used 58489K, committed 60416K, reserved 491520K
  class space    used 8479K, committed 9408K, reserved 425984K
}
Event: 73.059 GC heap before
{Heap before GC invocations=21 (full 0):
 garbage-first heap   total 94208K, used 81101K [0x0000000080000000, 0x0000000100000000)
  region size 1024K, 27 young (27648K), 1 survivors (1024K)
 Metaspace       used 61441K, committed 63360K, reserved 491520K
  class space    used 8852K, committed 9792K, reserved 425984K
}
Event: 73.063 GC heap after
{Heap after GC invocations=22 (full 0):
 garbage-first heap   total 94208K, used 56433K [0x0000000080000000, 0x0000000100000000)
  region size 1024K, 2 young (2048K), 2 survivors (2048K)
 Metaspace       used 61441K, committed 63360K, reserved 491520K
  class space    used 8852K, committed 9792K, reserved 425984K
}
Event: 75.079 GC heap before
{Heap before GC invocations=22 (full 0):
 garbage-first heap   total 94208K, used 83057K [0x0000000080000000, 0x0000000100000000)
  region size 1024K, 29 young (29696K), 2 survivors (2048K)
 Metaspace       used 63471K, committed 65408K, reserved 491520K
  class space    used 9154K, committed 10112K, reserved 425984K
}
Event: 75.085 GC heap after
{Heap after GC invocations=23 (full 0):
 garbage-first heap   total 94208K, used 56865K [0x0000000080000000, 0x0000000100000000)
  region size 1024K, 3 young (3072K), 3 survivors (3072K)
 Metaspace       used 63471K, committed 65408K, reserved 491520K
  class space    used 9154K, committed 10112K, reserved 425984K
}
Event: 77.344 GC heap before
{Heap before GC invocations=23 (full 0):
 garbage-first heap   total 94208K, used 85537K [0x0000000080000000, 0x0000000100000000)
  region size 1024K, 31 young (31744K), 3 survivors (3072K)
 Metaspace       used 65748K, committed 67712K, reserved 491520K
  class space    used 9507K, committed 10496K, reserved 425984K
}
Event: 77.352 GC heap after
{Heap after GC invocations=24 (full 0):
 garbage-first heap   total 94208K, used 57848K [0x0000000080000000, 0x0000000100000000)
  region size 1024K, 3 young (3072K), 3 survivors (3072K)
 Metaspace       used 65748K, committed 67712K, reserved 491520K
  class space    used 9507K, committed 10496K, reserved 425984K
}
Event: 79.610 GC heap before
{Heap before GC invocations=25 (full 0):
 garbage-first heap   total 99328K, used 85496K [0x0000000080000000, 0x0000000100000000)
  region size 1024K, 30 young (30720K), 3 survivors (3072K)
 Metaspace       used 67876K, committed 69952K, reserved 491520K
  class space    used 9857K, committed 10880K, reserved 425984K
}
Event: 79.615 GC heap after
{Heap after GC invocations=26 (full 0):
 garbage-first heap   total 99328K, used 58948K [0x0000000080000000, 0x0000000100000000)
  region size 1024K, 4 young (4096K), 4 survivors (4096K)
 Metaspace       used 67876K, committed 69952K, reserved 491520K
  class space    used 9857K, committed 10880K, reserved 425984K
}

Dll operation events (20 events):
Event: 1.565 Attempting to load shared library C:\Users\HP\.vscode\extensions\redhat.java-1.56.0-win32-x64\jre\21.0.12.1-win32-x86_64\bin\nio.dll
Event: 1.566 Loaded shared library C:\Users\HP\.vscode\extensions\redhat.java-1.56.0-win32-x64\jre\21.0.12.1-win32-x86_64\bin\nio.dll
Event: 1.577 Attempting to load shared library C:\Users\HP\.vscode\extensions\redhat.java-1.56.0-win32-x64\jre\21.0.12.1-win32-x86_64\bin\zip.dll
Event: 1.577 Loaded shared library C:\Users\HP\.vscode\extensions\redhat.java-1.56.0-win32-x64\jre\21.0.12.1-win32-x86_64\bin\zip.dll
Event: 4.754 Attempting to load shared library C:\Users\HP\.vscode\extensions\redhat.java-1.56.0-win32-x64\jre\21.0.12.1-win32-x86_64\bin\jimage.dll
Event: 4.754 Loaded shared library C:\Users\HP\.vscode\extensions\redhat.java-1.56.0-win32-x64\jre\21.0.12.1-win32-x86_64\bin\jimage.dll
Event: 6.027 Attempting to load shared library C:\Users\HP\.vscode\extensions\redhat.java-1.56.0-win32-x64\jre\21.0.12.1-win32-x86_64\bin\verify.dll
Event: 6.029 Loaded shared library C:\Users\HP\.vscode\extensions\redhat.java-1.56.0-win32-x64\jre\21.0.12.1-win32-x86_64\bin\verify.dll
Event: 6.994 Attempting to load shared library C:\Users\HP\.gradle\native\1def1411415f61bf3af743bc5b6707747c0891f09f0c88961ee8f79bc544acac\windows-amd64\native-platform.dll
Event: 6.997 Loaded shared library C:\Users\HP\.gradle\native\1def1411415f61bf3af743bc5b6707747c0891f09f0c88961ee8f79bc544acac\windows-amd64\native-platform.dll
Event: 7.066 Attempting to load shared library C:\Users\HP\.gradle\native\0.2.7\x86_64-windows-gnu\gradle-fileevents.dll
Event: 7.068 Loaded shared library C:\Users\HP\.gradle\native\0.2.7\x86_64-windows-gnu\gradle-fileevents.dll
Event: 15.465 Attempting to load shared library C:\Users\HP\.vscode\extensions\redhat.java-1.56.0-win32-x64\jre\21.0.12.1-win32-x86_64\bin\management.dll
Event: 15.468 Loaded shared library C:\Users\HP\.vscode\extensions\redhat.java-1.56.0-win32-x64\jre\21.0.12.1-win32-x86_64\bin\management.dll
Event: 15.473 Attempting to load shared library C:\Users\HP\.vscode\extensions\redhat.java-1.56.0-win32-x64\jre\21.0.12.1-win32-x86_64\bin\management_ext.dll
Event: 15.474 Loaded shared library C:\Users\HP\.vscode\extensions\redhat.java-1.56.0-win32-x64\jre\21.0.12.1-win32-x86_64\bin\management_ext.dll
Event: 16.714 Attempting to load shared library C:\Users\HP\.vscode\extensions\redhat.java-1.56.0-win32-x64\jre\21.0.12.1-win32-x86_64\bin\extnet.dll
Event: 16.714 Loaded shared library C:\Users\HP\.vscode\extensions\redhat.java-1.56.0-win32-x64\jre\21.0.12.1-win32-x86_64\bin\extnet.dll
Event: 18.132 Attempting to load shared library C:\Users\HP\.vscode\extensions\redhat.java-1.56.0-win32-x64\jre\21.0.12.1-win32-x86_64\bin\sunmscapi.dll
Event: 18.139 Loaded shared library C:\Users\HP\.vscode\extensions\redhat.java-1.56.0-win32-x64\jre\21.0.12.1-win32-x86_64\bin\sunmscapi.dll

Deoptimization events (20 events):
Event: 77.961 Thread 0x0000029970c32cd0 DEOPT PACKING pc=0x000002995f088b74 sp=0x000000d0db7f43b0
Event: 77.961 Thread 0x0000029970c32cd0 DEOPT UNPACKING pc=0x000002995e7e4422 sp=0x000000d0db7f4380 mode 2
Event: 78.226 Thread 0x0000029970c32cd0 Uncommon trap: trap_request=0xffffffde fr.pc=0x000002995ee0733c relative=0x000000000000027c
Event: 78.226 Thread 0x0000029970c32cd0 Uncommon trap: reason=class_check action=maybe_recompile pc=0x000002995ee0733c method=java.util.regex.Matcher.search(I)Z @ 121 c2
Event: 78.226 Thread 0x0000029970c32cd0 DEOPT PACKING pc=0x000002995ee0733c sp=0x000000d0db7f4f20
Event: 78.226 Thread 0x0000029970c32cd0 DEOPT UNPACKING pc=0x000002995e7e4422 sp=0x000000d0db7f4eb0 mode 2
Event: 78.226 Thread 0x0000029970c32cd0 Uncommon trap: trap_request=0xffffffde fr.pc=0x000002995ee0733c relative=0x000000000000027c
Event: 78.226 Thread 0x0000029970c32cd0 Uncommon trap: reason=class_check action=maybe_recompile pc=0x000002995ee0733c method=java.util.regex.Matcher.search(I)Z @ 121 c2
Event: 78.226 Thread 0x0000029970c32cd0 DEOPT PACKING pc=0x000002995ee0733c sp=0x000000d0db7f4f20
Event: 78.226 Thread 0x0000029970c32cd0 DEOPT UNPACKING pc=0x000002995e7e4422 sp=0x000000d0db7f4eb0 mode 2
Event: 78.264 Thread 0x0000029970c32cd0 Uncommon trap: trap_request=0xffffffde fr.pc=0x000002995ee0733c relative=0x000000000000027c
Event: 78.264 Thread 0x0000029970c32cd0 Uncommon trap: reason=class_check action=maybe_recompile pc=0x000002995ee0733c method=java.util.regex.Matcher.search(I)Z @ 121 c2
Event: 78.264 Thread 0x0000029970c32cd0 DEOPT PACKING pc=0x000002995ee0733c sp=0x000000d0db7f4ec0
Event: 78.264 Thread 0x0000029970c32cd0 DEOPT UNPACKING pc=0x000002995e7e4422 sp=0x000000d0db7f4e50 mode 2
Event: 78.264 Thread 0x0000029970c32cd0 Uncommon trap: trap_request=0xffffffde fr.pc=0x000002995ee0733c relative=0x000000000000027c
Event: 78.264 Thread 0x0000029970c32cd0 Uncommon trap: reason=class_check action=maybe_recompile pc=0x000002995ee0733c method=java.util.regex.Matcher.search(I)Z @ 121 c2
Event: 78.264 Thread 0x0000029970c32cd0 DEOPT PACKING pc=0x000002995ee0733c sp=0x000000d0db7f4ec0
Event: 78.264 Thread 0x0000029970c32cd0 DEOPT UNPACKING pc=0x000002995e7e4422 sp=0x000000d0db7f4e50 mode 2
Event: 78.419 Thread 0x0000029970c32cd0 DEOPT PACKING pc=0x0000029957cec28e sp=0x000000d0db7f4ce0
Event: 78.419 Thread 0x0000029970c32cd0 DEOPT UNPACKING pc=0x000002995e7e4bc2 sp=0x000000d0db7f42a0 mode 0

Classes loaded (20 events):
Event: 77.065 Loading class com/sun/org/apache/xerces/internal/utils/XMLSecurityPropertyManager
Event: 77.065 Loading class com/sun/org/apache/xerces/internal/utils/XMLSecurityPropertyManager done
Event: 77.065 Loading class com/sun/org/apache/xerces/internal/utils/XMLSecurityPropertyManager$State
Event: 77.065 Loading class com/sun/org/apache/xerces/internal/utils/XMLSecurityPropertyManager$State done
Event: 77.067 Loading class com/sun/org/apache/xerces/internal/utils/XMLSecurityPropertyManager$Property
Event: 77.068 Loading class com/sun/org/apache/xerces/internal/utils/XMLSecurityPropertyManager$Property done
Event: 77.069 Loading class javax/xml/parsers/DocumentBuilderFactory
Event: 77.070 Loading class javax/xml/parsers/DocumentBuilderFactory done
Event: 77.070 Loading class javax/xml/parsers/FactoryFinder
Event: 77.070 Loading class javax/xml/parsers/FactoryFinder done
Event: 77.071 Loading class javax/xml/parsers/FactoryFinder$1
Event: 77.071 Loading class javax/xml/parsers/FactoryFinder$1 done
Event: 77.073 Loading class com/sun/org/apache/xerces/internal/jaxp/DocumentBuilderFactoryImpl
Event: 77.073 Loading class com/sun/org/apache/xerces/internal/jaxp/DocumentBuilderFactoryImpl done
Event: 77.224 Loading class java/util/regex/Pattern$SliceI
Event: 77.224 Loading class java/util/regex/Pattern$SliceI done
Event: 78.668 Loading class java/lang/Character$UnicodeBlock
Event: 78.671 Loading class java/lang/Character$Subset
Event: 78.671 Loading class java/lang/Character$Subset done
Event: 78.671 Loading class java/lang/Character$UnicodeBlock done

Classes unloaded (0 events):
No events

Classes redefined (0 events):
No events

Internal exceptions (20 events):
Event: 72.062 Thread 0x0000029970c32cd0 Exception <a 'java/lang/IncompatibleClassChangeError'{0x0000000084768ef8}: Found class java.lang.Object, but interface was expected> (0x0000000084768ef8) 
thrown [s\src\hotspot\share\interpreter\linkResolver.cpp, line 840]
Event: 73.313 Thread 0x0000029970c32cd0 Exception <a 'java/lang/NoSuchMethodError'{0x0000000087b777a8}: static Ljava/lang/Object;.<clinit>()V> (0x0000000087b777a8) 
thrown [s\src\hotspot\share\prims\jni.cpp, line 1111]
Event: 73.441 Thread 0x0000029970c32cd0 Exception <a 'java/lang/NoSuchMethodError'{0x0000000086084938}: static Lorg/jetbrains/kotlin/gradle/plugin/statistics/MetricContainer;.<clinit>()V> (0x0000000086084938) 
thrown [s\src\hotspot\share\prims\jni.cpp, line 1111]
Event: 77.091 Thread 0x0000029970c32cd0 Exception <a 'java/lang/NoSuchMethodError'{0x00000000840de6c8}: 'java.lang.Object java.lang.invoke.DirectMethodHandle$Holder.newInvokeSpecial(java.lang.Object, java.lang.Object, java.lang.Object, java.lang.Object, java.lang.Object, java.lang.Object, java.lang.Object, java.lang.Object, java.lang.Object, java.lang.Object, java.lang.Object, java.lang.Object, java.lang.Object, java.lang.Object, java.lang.Object, java.lang.Object)'> (0x00000000840de6c8) 
thrown [s\src\hotspot\share\interpreter\linkResolver.cpp,
Event: 77.092 Thread 0x0000029970c32cd0 Exception <a 'java/lang/NoSuchMethodError'{0x00000000840e58a0}: 'java.lang.Object java.lang.invoke.DirectMethodHandle$Holder.invokeSpecial(java.lang.Object, java.lang.Object, java.lang.Object, java.lang.Object, java.lang.Object, java.lang.Object, java.lang.Object, java.lang.Object, java.lang.Object, java.lang.Object, java.lang.Object, java.lang.Object, java.lang.Object, java.lang.Object, java.lang.Object, java.lang.Object, java.lang.Object)'> (0x00000000840e58a0) 
thrown [s\src\hotspot\share\interpreter\li
Event: 77.093 Thread 0x0000029970c32cd0 Exception <a 'java/lang/NoSuchMethodError'{0x00000000840ebc30}: 'java.lang.Object java.lang.invoke.DelegatingMethodHandle$Holder.reinvoke_L(java.lang.Object, java.lang.Object, java.lang.Object, java.lang.Object, java.lang.Object, java.lang.Object, java.lang.Object, java.lang.Object, java.lang.Object, java.lang.Object, java.lang.Object, java.lang.Object, java.lang.Object, java.lang.Object, java.lang.Object, java.lang.Object)'> (0x00000000840ebc30) 
thrown [s\src\hotspot\share\interpreter\linkResolver.cpp, l
Event: 77.384 Thread 0x0000029970c32cd0 Exception <a 'java/lang/NoSuchMethodError'{0x00000000fffa8718}: 'void java.lang.invoke.DirectMethodHandle$Holder.invokeVirtual(java.lang.Object, java.lang.Object)'> (0x00000000fffa8718) 
thrown [s\src\hotspot\share\interpreter\linkResolver.cpp, line 773]
Event: 78.438 Thread 0x0000029970c32cd0 Exception <a 'java/lang/NoSuchMethodError'{0x0000000085228038}: 'java.lang.Object java.lang.invoke.DirectMethodHandle$Holder.newInvokeSpecial(java.lang.Object, java.lang.Object, java.lang.Object, java.lang.Object, java.lang.Object, java.lang.Object, java.lang.Object, java.lang.Object, java.lang.Object, java.lang.Object, java.lang.Object, java.lang.Object, java.lang.Object, java.lang.Object, java.lang.Object, java.lang.Object, java.lang.Object, java.lang.Object, java.lang.Object, java.lang.Object, java.lang
Event: 82.228 Thread 0x0000029970c32cd0 Exception <a 'java/lang/ClassNotFoundException'{0x0000000084c50590}: org/jetbrains/kotlin/gradle/targets/js/npm/DefaultNpmDependencyExtensionBeanInfo> (0x0000000084c50590) 
thrown [s\src\hotspot\share\classfile\systemDictionary.cpp, line 313]
Event: 82.229 Thread 0x0000029970c32cd0 Exception <a 'java/lang/ClassNotFoundException'{0x0000000084c64a10}: org/jetbrains/kotlin/gradle/targets/js/npm/DefaultNpmDependencyExtensionCustomizer> (0x0000000084c64a10) 
thrown [s\src\hotspot\share\classfile\systemDictionary.cpp, line 313]
Event: 82.448 Thread 0x0000029970c32cd0 Exception <a 'java/lang/ClassNotFoundException'{0x0000000084b23c88}: org/jetbrains/kotlin/gradle/targets/js/npm/NpmDependencyExtensionKt$defaultNpmDependencyDelegate$1BeanInfo> (0x0000000084b23c88) 
thrown [s\src\hotspot\share\classfile\systemDictionary.cpp, line 313]
Event: 82.449 Thread 0x0000029970c32cd0 Exception <a 'java/lang/ClassNotFoundException'{0x0000000084b38148}: org/jetbrains/kotlin/gradle/targets/js/npm/NpmDependencyExtensionDelegateBeanInfo> (0x0000000084b38148) 
thrown [s\src\hotspot\share\classfile\systemDictionary.cpp, line 313]
Event: 82.472 Thread 0x0000029970c32cd0 Exception <a 'java/lang/ClassNotFoundException'{0x0000000084b4c608}: org/jetbrains/kotlin/gradle/targets/js/npm/NpmDependencyExtensionDelegateCustomizer> (0x0000000084b4c608) 
thrown [s\src\hotspot\share\classfile\systemDictionary.cpp, line 313]
Event: 82.474 Thread 0x0000029970c32cd0 Exception <a 'java/lang/ClassNotFoundException'{0x0000000084b88b88}: org/jetbrains/kotlin/gradle/targets/js/npm/NpmDependencyExtensionKt$defaultNpmDependencyDelegate$1Customizer> (0x0000000084b88b88) 
thrown [s\src\hotspot\share\classfile\systemDictionary.cpp, line 313]
Event: 82.504 Thread 0x0000029970c32cd0 Exception <a 'java/lang/ClassNotFoundException'{0x0000000084bd4038}: org/jetbrains/kotlin/gradle/targets/js/npm/DefaultDevNpmDependencyExtensionBeanInfo> (0x0000000084bd4038) 
thrown [s\src\hotspot\share\classfile\systemDictionary.cpp, line 313]
Event: 82.504 Thread 0x0000029970c32cd0 Exception <a 'java/lang/ClassNotFoundException'{0x0000000084be8510}: org/jetbrains/kotlin/gradle/targets/js/npm/DefaultDevNpmDependencyExtensionCustomizer> (0x0000000084be8510) 
thrown [s\src\hotspot\share\classfile\systemDictionary.cpp, line 313]
Event: 82.540 Thread 0x0000029970c32cd0 Exception <a 'java/lang/ClassNotFoundException'{0x0000000084a3cbe0}: org/jetbrains/kotlin/gradle/targets/js/npm/DefaultPeerNpmDependencyExtensionBeanInfo> (0x0000000084a3cbe0) 
thrown [s\src\hotspot\share\classfile\systemDictionary.cpp, line 313]
Event: 82.541 Thread 0x0000029970c32cd0 Exception <a 'java/lang/ClassNotFoundException'{0x0000000084a510c8}: org/jetbrains/kotlin/gradle/targets/js/npm/DefaultPeerNpmDependencyExtensionCustomizer> (0x0000000084a510c8) 
thrown [s\src\hotspot\share\classfile\systemDictionary.cpp, line 313]
Event: 82.570 Thread 0x0000029970c32cd0 Exception <a 'java/lang/ClassNotFoundException'{0x0000000084aaee48}: org/jetbrains/kotlin/gradle/targets/js/npm/DefaultPeerNpmDependencyExtension$delegate$1BeanInfo> (0x0000000084aaee48) 
thrown [s\src\hotspot\share\classfile\systemDictionary.cpp, line 313]
Event: 82.571 Thread 0x0000029970c32cd0 Exception <a 'java/lang/ClassNotFoundException'{0x0000000084ac3538}: org/jetbrains/kotlin/gradle/targets/js/npm/DefaultPeerNpmDependencyExtension$delegate$1Customizer> (0x0000000084ac3538) 
thrown [s\src\hotspot\share\classfile\systemDictionary.cpp, line 313]

ZGC Phase Switch (0 events):
No events

VM Operations (20 events):
Event: 77.336 Executing safepoint VM operation: G1CollectForAllocation (G1 Evacuation Pause)
Event: 77.352 Executing safepoint VM operation: G1CollectForAllocation (G1 Evacuation Pause) done
Event: 77.404 Executing safepoint VM operation: G1PauseRemark
Event: 77.417 Executing safepoint VM operation: G1PauseRemark done
Event: 77.441 Executing safepoint VM operation: G1PauseCleanup
Event: 77.441 Executing safepoint VM operation: G1PauseCleanup done
Event: 78.447 Executing safepoint VM operation: Cleanup
Event: 78.463 Executing safepoint VM operation: Cleanup done
Event: 79.472 Executing safepoint VM operation: Cleanup
Event: 79.473 Executing safepoint VM operation: Cleanup done
Event: 79.610 Executing safepoint VM operation: G1CollectForAllocation (G1 Evacuation Pause)
Event: 79.615 Executing safepoint VM operation: G1CollectForAllocation (G1 Evacuation Pause) done
Event: 80.628 Executing safepoint VM operation: Cleanup
Event: 80.628 Executing safepoint VM operation: Cleanup done
Event: 81.637 Executing safepoint VM operation: Cleanup
Event: 81.652 Executing safepoint VM operation: Cleanup done
Event: 82.665 Executing safepoint VM operation: Cleanup
Event: 82.682 Executing safepoint VM operation: Cleanup done
Event: 83.693 Executing safepoint VM operation: Cleanup
Event: 83.694 Executing safepoint VM operation: Cleanup done

Memory protections (0 events):
No events

Nmethod flushes (20 events):
Event: 77.413 Thread 0x000002996bbf0080 flushing  nmethod 0x0000029957b73510
Event: 77.413 Thread 0x000002996bbf0080 flushing  nmethod 0x0000029957c3b390
Event: 77.413 Thread 0x000002996bbf0080 flushing  nmethod 0x0000029957c3b710
Event: 77.413 Thread 0x000002996bbf0080 flushing  nmethod 0x0000029957dd4590
Event: 77.413 Thread 0x000002996bbf0080 flushing  nmethod 0x000002995f085910
Event: 77.413 Thread 0x000002996bbf0080 flushing  nmethod 0x0000029957272810
Event: 77.413 Thread 0x000002996bbf0080 flushing  nmethod 0x0000029957279b10
Event: 77.413 Thread 0x000002996bbf0080 flushing  nmethod 0x000002995731a890
Event: 77.413 Thread 0x000002996bbf0080 flushing  nmethod 0x0000029957334a90
Event: 77.413 Thread 0x000002996bbf0080 flushing  nmethod 0x00000299573c4690
Event: 77.413 Thread 0x000002996bbf0080 flushing  nmethod 0x00000299573e1d90
Event: 77.413 Thread 0x000002996bbf0080 flushing  nmethod 0x0000029957585690
Event: 77.413 Thread 0x000002996bbf0080 flushing  nmethod 0x00000299575b5290
Event: 77.413 Thread 0x000002996bbf0080 flushing  nmethod 0x00000299576cf510
Event: 77.413 Thread 0x000002996bbf0080 flushing  nmethod 0x00000299576d1310
Event: 77.413 Thread 0x000002996bbf0080 flushing  nmethod 0x00000299576d5410
Event: 77.413 Thread 0x000002996bbf0080 flushing  nmethod 0x0000029957723290
Event: 77.413 Thread 0x000002996bbf0080 flushing  nmethod 0x00000299577cd390
Event: 77.413 Thread 0x000002996bbf0080 flushing  nmethod 0x00000299577cda10
Event: 77.413 Thread 0x000002996bbf0080 flushing  nmethod 0x00000299577e6990

Events (20 events):
Event: 64.912 Thread 0x0000029970c32cd0 Thread added: 0x000002997412ef90
Event: 64.927 Thread 0x0000029970c32cd0 Thread added: 0x000002997412e270
Event: 64.931 Thread 0x0000029970c32cd0 Thread added: 0x000002997412f620
Event: 64.939 Thread 0x0000029970c32cd0 Thread added: 0x000002997412dbe0
Event: 64.948 Thread 0x0000029970c32cd0 Thread added: 0x0000029974132410
Event: 64.963 Thread 0x0000029970c32cd0 Thread added: 0x00000299741309d0
Event: 64.980 Thread 0x0000029970c32cd0 Thread added: 0x000002997412fcb0
Event: 65.088 Thread 0x0000029970c32cd0 Thread added: 0x0000029974132aa0
Event: 65.090 Thread 0x0000029970c32cd0 Thread added: 0x0000029974133130
Event: 65.091 Thread 0x0000029970c32cd0 Thread added: 0x00000299741337c0
Event: 65.093 Thread 0x0000029970c32cd0 Thread added: 0x00000299741316f0
Event: 65.102 Thread 0x0000029970c32cd0 Thread added: 0x0000029974130340
Event: 65.118 Thread 0x0000029970c32cd0 Thread added: 0x0000029974133e50
Event: 65.120 Thread 0x0000029970c32cd0 Thread added: 0x0000029974131d80
Event: 65.121 Thread 0x0000029970c32cd0 Thread added: 0x00000299741344e0
Event: 65.123 Thread 0x0000029970c32cd0 Thread added: 0x0000029974135200
Event: 65.124 Thread 0x0000029970c32cd0 Thread added: 0x0000029974134b70
Event: 65.136 Thread 0x0000029970c32cd0 Thread added: 0x00000299739dc490
Event: 73.620 Thread 0x0000029970c32cd0 Thread added: 0x00000299739dbe00
Event: 77.334 Thread 0x0000029970c32cd0 Thread added: 0x00000299739dd840


Dynamic libraries:
0x00007ff7100b0000 - 0x00007ff7100be000 	C:\Users\HP\.vscode\extensions\redhat.java-1.56.0-win32-x64\jre\21.0.12.1-win32-x86_64\bin\java.exe
0x00007fff7ed80000 - 0x00007fff7efe7000 	C:\WINDOWS\SYSTEM32\ntdll.dll
0x00007fff7dbb0000 - 0x00007fff7dc7a000 	C:\WINDOWS\System32\KERNEL32.DLL
0x00007fff7c1b0000 - 0x00007fff7c5b2000 	C:\WINDOWS\System32\KERNELBASE.dll
0x00007fff7c050000 - 0x00007fff7c19c000 	C:\WINDOWS\System32\ucrtbase.dll
0x00007fff66260000 - 0x00007fff66278000 	C:\Users\HP\.vscode\extensions\redhat.java-1.56.0-win32-x64\jre\21.0.12.1-win32-x86_64\bin\jli.dll
0x00007fff7d880000 - 0x00007fff7da4f000 	C:\WINDOWS\System32\USER32.dll
0x00007fff7ca80000 - 0x00007fff7caa7000 	C:\WINDOWS\System32\win32u.dll
0x00007fff54f20000 - 0x00007fff54f3e000 	C:\Users\HP\.vscode\extensions\redhat.java-1.56.0-win32-x64\jre\21.0.12.1-win32-x86_64\bin\VCRUNTIME140.dll
0x00007fff585c0000 - 0x00007fff58850000 	C:\WINDOWS\WinSxS\amd64_microsoft.windows.common-controls_6595b64144ccf1df_6.0.26100.9278_none_3e0d1ba8e3303201\COMCTL32.dll
0x00007fff7dc90000 - 0x00007fff7dd39000 	C:\WINDOWS\System32\msvcrt.dll
0x00007fff7d520000 - 0x00007fff7d54b000 	C:\WINDOWS\System32\GDI32.dll
0x00007fff7c5c0000 - 0x00007fff7c6e9000 	C:\WINDOWS\System32\gdi32full.dll
0x00007fff7c940000 - 0x00007fff7c9e3000 	C:\WINDOWS\System32\msvcp_win.dll
0x00007fff7d650000 - 0x00007fff7d681000 	C:\WINDOWS\System32\IMM32.DLL
0x00007fff66370000 - 0x00007fff6637c000 	C:\Users\HP\.vscode\extensions\redhat.java-1.56.0-win32-x64\jre\21.0.12.1-win32-x86_64\bin\vcruntime140_1.dll
0x00007fff54440000 - 0x00007fff544cd000 	C:\Users\HP\.vscode\extensions\redhat.java-1.56.0-win32-x64\jre\21.0.12.1-win32-x86_64\bin\msvcp140.dll
0x00007ffea3f80000 - 0x00007ffea4d22000 	C:\Users\HP\.vscode\extensions\redhat.java-1.56.0-win32-x64\jre\21.0.12.1-win32-x86_64\bin\server\jvm.dll
0x00007fff7cc50000 - 0x00007fff7cd0c000 	C:\WINDOWS\System32\ADVAPI32.dll
0x00007fff7e800000 - 0x00007fff7e8a9000 	C:\WINDOWS\System32\sechost.dll
0x00007fff7cd20000 - 0x00007fff7ce38000 	C:\WINDOWS\System32\RPCRT4.dll
0x00007fff7e770000 - 0x00007fff7e7f0000 	C:\WINDOWS\System32\WS2_32.dll
0x00007fff6fd60000 - 0x00007fff6fd96000 	C:\WINDOWS\SYSTEM32\WINMM.dll
0x00007fff65870000 - 0x00007fff6587b000 	C:\WINDOWS\SYSTEM32\VERSION.dll
0x00007fff7bdf0000 - 0x00007fff7be4e000 	C:\WINDOWS\SYSTEM32\POWRPROF.dll
0x00007fff7bdd0000 - 0x00007fff7bde5000 	C:\WINDOWS\SYSTEM32\UMPDC.dll
0x00007fff7ac60000 - 0x00007fff7ac7b000 	C:\WINDOWS\SYSTEM32\kernel.appcore.dll
0x00007fff66250000 - 0x00007fff6625a000 	C:\Users\HP\.vscode\extensions\redhat.java-1.56.0-win32-x64\jre\21.0.12.1-win32-x86_64\bin\jimage.dll
0x00007fff79490000 - 0x00007fff796d2000 	C:\WINDOWS\SYSTEM32\DBGHELP.DLL
0x00007fff7d190000 - 0x00007fff7d514000 	C:\WINDOWS\System32\combase.dll
0x00007fff7cf50000 - 0x00007fff7d029000 	C:\WINDOWS\System32\OLEAUT32.dll
0x00007fff4ed00000 - 0x00007fff4ed3b000 	C:\WINDOWS\SYSTEM32\dbgcore.DLL
0x00007fff7c880000 - 0x00007fff7c92c000 	C:\WINDOWS\System32\bcryptPrimitives.dll
0x00007fff62770000 - 0x00007fff6277f000 	C:\Users\HP\.vscode\extensions\redhat.java-1.56.0-win32-x64\jre\21.0.12.1-win32-x86_64\bin\instrument.dll
0x00007fff54f00000 - 0x00007fff54f20000 	C:\Users\HP\.vscode\extensions\redhat.java-1.56.0-win32-x64\jre\21.0.12.1-win32-x86_64\bin\java.dll
0x00007fff7dd50000 - 0x00007fff7e4e8000 	C:\WINDOWS\System32\SHELL32.dll
0x00007fff799c0000 - 0x00007fff7a26e000 	C:\WINDOWS\SYSTEM32\windows.storage.dll
0x00007fff7cab0000 - 0x00007fff7cbab000 	C:\WINDOWS\System32\SHCORE.dll
0x00007fff7cbb0000 - 0x00007fff7cc16000 	C:\WINDOWS\System32\shlwapi.dll
0x00007fff7beb0000 - 0x00007fff7bed9000 	C:\WINDOWS\SYSTEM32\profapi.dll
0x00007fff54ee0000 - 0x00007fff54ef8000 	C:\Users\HP\.vscode\extensions\redhat.java-1.56.0-win32-x64\jre\21.0.12.1-win32-x86_64\bin\zip.dll
0x00007fff58410000 - 0x00007fff58420000 	C:\Users\HP\.vscode\extensions\redhat.java-1.56.0-win32-x64\jre\21.0.12.1-win32-x86_64\bin\net.dll
0x00007fff6fc30000 - 0x00007fff6fd5a000 	C:\WINDOWS\SYSTEM32\WINHTTP.dll
0x00007fff7b220000 - 0x00007fff7b28c000 	C:\WINDOWS\system32\mswsock.dll
0x00007fff54ec0000 - 0x00007fff54ed6000 	C:\Users\HP\.vscode\extensions\redhat.java-1.56.0-win32-x64\jre\21.0.12.1-win32-x86_64\bin\nio.dll
0x00007fff57ff0000 - 0x00007fff58000000 	C:\Users\HP\.vscode\extensions\redhat.java-1.56.0-win32-x64\jre\21.0.12.1-win32-x86_64\bin\verify.dll
0x00007fff53e00000 - 0x00007fff53e27000 	C:\Users\HP\.gradle\native\1def1411415f61bf3af743bc5b6707747c0891f09f0c88961ee8f79bc544acac\windows-amd64\native-platform.dll
0x00007fff239f0000 - 0x00007fff23a68000 	C:\Users\HP\.gradle\native\0.2.7\x86_64-windows-gnu\gradle-fileevents.dll
0x00007fff56ee0000 - 0x00007fff56eea000 	C:\Users\HP\.vscode\extensions\redhat.java-1.56.0-win32-x64\jre\21.0.12.1-win32-x86_64\bin\management.dll
0x00007fff54f80000 - 0x00007fff54f8c000 	C:\Users\HP\.vscode\extensions\redhat.java-1.56.0-win32-x64\jre\21.0.12.1-win32-x86_64\bin\management_ext.dll
0x00007fff7dd40000 - 0x00007fff7dd48000 	C:\WINDOWS\System32\PSAPI.DLL
0x00007fff7a5f0000 - 0x00007fff7a623000 	C:\WINDOWS\SYSTEM32\IPHLPAPI.DLL
0x00007fff7dba0000 - 0x00007fff7dbaa000 	C:\WINDOWS\System32\NSI.dll
0x00007fff54f70000 - 0x00007fff54f79000 	C:\Users\HP\.vscode\extensions\redhat.java-1.56.0-win32-x64\jre\21.0.12.1-win32-x86_64\bin\extnet.dll
0x00007fff7b510000 - 0x00007fff7b52b000 	C:\WINDOWS\SYSTEM32\CRYPTSP.dll
0x00007fff7abc0000 - 0x00007fff7abf9000 	C:\WINDOWS\system32\rsaenh.dll
0x00007fff7b2d0000 - 0x00007fff7b304000 	C:\WINDOWS\SYSTEM32\USERENV.dll
0x00007fff7be80000 - 0x00007fff7beaa000 	C:\WINDOWS\SYSTEM32\bcrypt.dll
0x00007fff7b530000 - 0x00007fff7b53c000 	C:\WINDOWS\SYSTEM32\CRYPTBASE.dll
0x00007fff54f60000 - 0x00007fff54f6e000 	C:\Users\HP\.vscode\extensions\redhat.java-1.56.0-win32-x64\jre\21.0.12.1-win32-x86_64\bin\sunmscapi.dll
0x00007fff7c6f0000 - 0x00007fff7c86e000 	C:\WINDOWS\System32\CRYPT32.dll
0x00007fff7b750000 - 0x00007fff7b780000 	C:\WINDOWS\SYSTEM32\ncrypt.dll
0x00007fff7b700000 - 0x00007fff7b73f000 	C:\WINDOWS\SYSTEM32\NTASN1.dll
0x00007fff42610000 - 0x00007fff42618000 	C:\WINDOWS\system32\wshunix.dll

JVMTI agents:
C:\Users\HP\.gradle\wrapper\dists\gradle-8.14.1-bin\baw1sv0jfoi8rxs14qo3h49cs\gradle-8.14.1\lib\agents\gradle-instrumentation-agent-8.14.1.jar path:C:\Users\HP\.vscode\extensions\redhat.java-1.56.0-win32-x64\jre\21.0.12.1-win32-x86_64\bin\instrument.dll, loaded, initialized, instrumentlib options:none

dbghelp: loaded successfully - version: 4.0.5 - missing functions: none
symbol engine: initialized successfully - sym options: 0x614 - pdb path: .;C:\Users\HP\.vscode\extensions\redhat.java-1.56.0-win32-x64\jre\21.0.12.1-win32-x86_64\bin;C:\WINDOWS\SYSTEM32;C:\WINDOWS\WinSxS\amd64_microsoft.windows.common-controls_6595b64144ccf1df_6.0.26100.9278_none_3e0d1ba8e3303201;C:\Users\HP\.vscode\extensions\redhat.java-1.56.0-win32-x64\jre\21.0.12.1-win32-x86_64\bin\server;C:\Users\HP\.gradle\native\1def1411415f61bf3af743bc5b6707747c0891f09f0c88961ee8f79bc544acac\windows-amd64;C:\Users\HP\.gradle\native\0.2.7\x86_64-windows-gnu

VM Arguments:
jvm_args: --add-opens=java.base/java.lang=ALL-UNNAMED --add-opens=java.base/java.lang.invoke=ALL-UNNAMED --add-opens=java.base/java.util=ALL-UNNAMED --add-opens=java.prefs/java.util.prefs=ALL-UNNAMED --add-exports=jdk.compiler/com.sun.tools.javac.api=ALL-UNNAMED --add-exports=jdk.compiler/com.sun.tools.javac.util=ALL-UNNAMED --add-opens=java.base/java.util=ALL-UNNAMED --add-opens=java.prefs/java.util.prefs=ALL-UNNAMED --add-opens=java.base/java.nio.charset=ALL-UNNAMED --add-opens=java.base/java.net=ALL-UNNAMED --add-opens=java.base/java.util.concurrent.atomic=ALL-UNNAMED --add-opens=java.xml/javax.xml.namespace=ALL-UNNAMED -XX:MaxMetaspaceSize=512m -Xmx2048m -Dfile.encoding=UTF-8 -Duser.country=IN -Duser.language=en -Duser.variant -javaagent:C:\Users\HP\.gradle\wrapper\dists\gradle-8.14.1-bin\baw1sv0jfoi8rxs14qo3h49cs\gradle-8.14.1\lib\agents\gradle-instrumentation-agent-8.14.1.jar 
java_command: org.gradle.launcher.daemon.bootstrap.GradleDaemon 8.14.1
java_class_path (initial): C:\Users\HP\.gradle\wrapper\dists\gradle-8.14.1-bin\baw1sv0jfoi8rxs14qo3h49cs\gradle-8.14.1\lib\gradle-daemon-main-8.14.1.jar
Launcher Type: SUN_STANDARD

[Global flags]
     intx CICompilerCount                          = 4                                         {product} {ergonomic}
   size_t CompressedClassSpaceSize                 = 436207616                                 {product} {ergonomic}
     uint ConcGCThreads                            = 3                                         {product} {ergonomic}
     uint G1ConcRefinementThreads                  = 10                                        {product} {ergonomic}
   size_t G1HeapRegionSize                         = 1048576                                   {product} {ergonomic}
    uintx GCDrainStackTargetSize                   = 64                                        {product} {ergonomic}
   size_t InitialHeapSize                          = 130023424                                 {product} {ergonomic}
   size_t MarkStackSize                            = 4194304                                   {product} {ergonomic}
   size_t MaxHeapSize                              = 2147483648                                {product} {command line}
   size_t MaxMetaspaceSize                         = 536870912                                 {product} {command line}
   size_t MaxNewSize                               = 1287651328                                {product} {ergonomic}
   size_t MinHeapDeltaBytes                        = 1048576                                   {product} {ergonomic}
   size_t MinHeapSize                              = 8388608                                   {product} {ergonomic}
    uintx NonNMethodCodeHeapSize                   = 5839372                                {pd product} {ergonomic}
    uintx NonProfiledCodeHeapSize                  = 122909434                              {pd product} {ergonomic}
    uintx ProfiledCodeHeapSize                     = 122909434                              {pd product} {ergonomic}
    uintx ReservedCodeCacheSize                    = 251658240                              {pd product} {ergonomic}
     bool SegmentedCodeCache                       = true                                      {product} {ergonomic}
   size_t SoftMaxHeapSize                          = 2147483648                             {manageable} {ergonomic}
     bool UseCompressedOops                        = true                           {product lp64_product} {ergonomic}
     bool UseG1GC                                  = true                                      {product} {ergonomic}
     bool UseLargePagesIndividualAllocation        = false                                  {pd product} {ergonomic}

Logging:
Log output configuration:
 #0: stdout all=warning uptime,level,tags foldmultilines=false
 #1: stderr all=off uptime,level,tags foldmultilines=false

Release file:
JAVA_VERSION="21.0.12.1" 
MODULES="java.base java.compiler java.datatransfer java.xml java.prefs java.desktop java.instrument java.logging java.management java.security.sasl java.naming java.rmi java.management.rmi java.net.http java.scripting java.security.jgss java.transaction.xa java.sql java.sql.rowset java.xml.crypto java.se java.smartcardio jdk.accessibility jdk.internal.jvmstat jdk.attach jdk.charsets jdk.internal.opt jdk.zipfs jdk.compiler jdk.crypto.ec jdk.crypto.cryptoki jdk.crypto.mscapi jdk.dynalink jdk.internal.ed jdk.editpad jdk.hotspot.agent jdk.httpserver jdk.internal.le jdk.internal.vm.ci jdk.internal.vm.compiler jdk.internal.vm.compiler.management jdk.jartool jdk.javadoc jdk.jcmd jdk.management jdk.management.agent jdk.jconsole jdk.jdeps jdk.jdwp.agent jdk.jdi jdk.jfr jdk.jshell jdk.jsobject jdk.jstatd jdk.localedata jdk.management.jfr jdk.naming.dns jdk.naming.rmi jdk.net jdk.nio.mapmode jdk.random jdk.sctp jdk.security.auth jdk.security.jgss jdk.unsupported jdk.unsupported.desktop jdk.xml.dom" 

Environment Variables:
JAVA_HOME=C:\Program Files\Microsoft\jdk-17.0.15.6-hotspot
PATH=C:\Program Files\Microsoft\jdk-17.0.15.6-hotspot\bin;C:\WINDOWS\system32;C:\WINDOWS;C:\WINDOWS\System32\Wbem;C:\WINDOWS\System32\WindowsPowerShell\v1.0\;C:\WINDOWS\System32\OpenSSH\;C:\Program Files\Git\cmd;C:\Program Files\dotnet\;C:\ProgramData\chocolatey\bin;C:\Users\HP\AppData\Local\Android\Sdk\platform-tools;C:\Users\HP\AppData\Local\Android\Sdk;C:\Users\HP\AppData\Local\Android\Sdk\emulator;;C:\Program Files\Docker\Docker\resources\bin;C:\Program Files\PuTTY\;C:\Program Files\nodejs\;C:\Program Files\MySQL\MySQL Shell 8.0\bin\;C:\Users\HP\AppData\Local\Microsoft\WindowsApps;C:\Users\HP\AppData\Local\Programs\Microsoft VS Code\bin;C:\Users\HP\AppData\Local\Android\Sdk\platform-tools;C:\Users\HP\AppData\Local\Android\Sdk;C:\Users\HP\AppData\Local\Android\Sdk\emulator;C:\Users\HP\AppData\Roaming\npm;D:\Antigravity IDE\bin;C:\Users\HP\AppData\Local\Programs\Antigravity IDE\bin
USERNAME=HP
OS=Windows_NT
PROCESSOR_IDENTIFIER=Intel64 Family 6 Model 154 Stepping 4, GenuineIntel
TMP=C:\Users\HP\AppData\Local\Temp
TEMP=C:\Users\HP\AppData\Local\Temp




Periodic native trim disabled

---------------  S Y S T E M  ---------------

OS:
 Windows 11 , 64 bit Build 26100 (10.0.26100.9278)
OS uptime: 0 days 4:06 hours
Hyper-V role detected

CPU: total 12 (initial active 12) (6 cores per cpu, 2 threads per core) family 6 model 154 stepping 4 microcode 0x437, cx8, cmov, fxsr, ht, mmx, 3dnowpref, sse, sse2, sse3, ssse3, sse4.1, sse4.2, popcnt, lzcnt, tsc, tscinvbit, avx, avx2, aes, erms, clmul, bmi1, bmi2, adx, sha, fma, vzeroupper, clflush, clflushopt, clwb, hv, serialize, rdtscp, rdpid, fsrm, f16c, cet_ibt, cet_ss
Processor Information for the first 12 processors :
  Max Mhz: 1300, Current Mhz: 1300, Mhz Limit: 1300

Memory: 4k page, system-wide physical 7835M (499M free)
TotalPageFile size 36740M (AvailPageFile size 8M)
current process WorkingSet (physical memory assigned to process): 155M, peak: 228M
current process commit charge ("private bytes"): 338M, peak: 352M

vm_info: OpenJDK 64-Bit Server VM (21.0.12.1+1-LTS) for windows-amd64 JRE (21.0.12.1+1-LTS), built on 2026-08-18T00:00:00Z by "admin" with MS VC++ 17.12 (VS2022)

END.
